9qh8hh	Early childhood education yields big benefits — just not the ones you think	education
9taw5d	Colleges Make an Advertising Push for the Humanities	education
9j6odx	Jeff Bezos is going to create schools where ‘the child is the customer’	education
9vbr4b	Language Immersion K-5 Graduates: Did you retain your target language?	education
9oxc7h	Texas teens can't graduate until they watch this video	education
99mfxx	The Humanities Face a Crisis—of Confidence	education
9l2nth	Benefits of Post-graduate Diploma Programmes- A postgraduate diploma is taken up by students after achieving bachelor’s #degree programmes. This course is a good option for students who want to further their studies but are facing time constraints.	education
99zqut	Student loans are forcing young graduates to put off settling down	education
9e57aq	US kids living abroad - US University?	education
9iya4n	Forget Nature Versus Nurture. Nature Has Won - Quillette	education
90a8xm	Is it worth it to double major?	education
86m5j4	Race, not just poverty, shapes who graduates in America — and other education lessons from a big new study	education
8o2gtf	Women and black college graduates are paid less right out of the gate	education
8jkeo7	Why Teenagers Should Understand Their Own Brains (And Why Their Teachers Should Too!)	education
96qyae	The Countries With The Most STEM Graduates [Infographic]	education
8kcwfx	College is Worth it for Persons From Low-Income Backgrounds (Upjohn Institute response to NYT op-ed)	education
8iryml	Oprah to Graduates: Vote! Vote! Vote!	education
8z9o00	5 facts about today’s college graduates	education
8cnhzm	Columbia University graduate students overwhelmingly vote in favor of strike authorization	education
7xpnog	Who's Missing From America's Colleges? Rural High School Graduates	education
8dj9tr	Why is college so expensive?	education
83nc5y	Forcing Students to Apply to College Is a Bad Idea	education
8kdo9s	Should Businesses Help Employees Pay Off Their Student Loans?	education
8p3p5q	The Ones We've Lost: The Student Loan Debt Suicides	education
8p4bas	Mitch Daniels Urges Graduates to Resist Tribalism	education
82folw	Why an Honors Student Wants to Skip College and Go to Trade School. As worries about student debt rise, states and businesses increasingly push faster, cheaper paths to the workplace; parents are stumped	education
8k4d7k	College May Not Be Worth It Anymore	education
8p5v3o	D.C. passes emergency law to allow chronically absent students to graduate	education
7ggp7x	The House Just Voted to Bankrupt Graduate Students	education
8klq77	The future of education.	education
8ek342	Columbia University graduate students set to strike in New York City	education
8jgzor	Question about School	education
7qqilz	Weird Question: in the late 1700/early 1800 how many years would you have to attend university to graduate with your degree? What was the level of effort then versus today?	education
7m1508	Employers Are Looking for Job Candidates in the Wrong Places	education
78o50x	Until poverty eliminated, schools won’t graduate 100 percent of students, expert says	education
84ug4w	Blockchain U — the University Experience	education
83q7mz	Is Prof. Eric Hanushek right in believing that we need smarter teachers to improve student achievement?	education
6l42im	Chicago will impose a new and unusual requirement to graduate high school: a job or an acceptance letter	education
7gfqby	Graduate students stage walkout today at UCI, USC and across country over GOP plan	education
783f2o	What is the best graduate School for 'education' as a field of study, and why?	education
7sgeez	A Root Cause of the Teacher-Diversity Problem	education
7jf9of	Georgetown University refuses to recognize graduate student union	education
7lq1vr	Assessing the ROI of a College Education	education
84nlb7	For profit graduate programs	education
7h2l2g	Graduate Students Protest Tax Plan; A House Proposal Would Boost For-Profit Colleges	education
709rjj	How extra pay for graduate degrees may influence the teacher diversity gap	education
7ownsn	An Online Degree and Job Potential ?	education
7tvzv7	In D.C., 34 Percent Of Graduates Received A Diploma Against District Policy	education
7cyy5z	Here's How The New Tax Plan Could Hurt Graduate Students	education
6f32vx	Note To Administrators: Commencement Speeches Are Supposed To Be For Graduates… Not Politicians	education
7s7zy8	New Research on Brain Drain and Recent College Graduates	education
6wsivi	Florida's education system — the one Betsy DeVos cites as a model — is in chaos	education
5tdwpm	Tennessee Says A Third Of Its High School Graduates Didn't Meet Requirements	education
5zfzzo	USA Today runs the numbers and finds Charter schools do well at high school graduation rate, but fall off a lot in seeing their alumni graduate from college	education
7kylty	I have a chance at a free graduate degree but don't know what to study!	education
61z1d8	Entire senior class at D.C.’s Ballou High School applies to college	education
6dcxsk	Counting on Student Loan Forgiveness? Don't Bet on It	education
6arv55	Tennessee makes community college free for all adults	education
64j5ay	New York Adopts Free Tuition: "SUNY and CUNY students from families with incomes up to $125,000 will not pay tuition. But some aid experts are alarmed by requirement that graduates stay in state for same number of years they receive the benefit."	education
64py0g	Should High School Students Need A Foreign Language To Graduate?	education
60mcyt	Betsy DeVos' Holy War on Education	education
7akx08	Online degrees	education
5wx3bp	HBCUs Graduate More Poor Black Students Than White Colleges	education
6riypn	How to study/immigrate to Germany on a budget - info and I'll answer questions to anyone interested	education
6b829h	This 14-Year-Old Is the Youngest Person Ever to Graduate From Texas College	education
5nxtd7	Is a college degree the new high school diploma? Here’s why your degree’s worth is stagnant.	education
7dmoiq	What is the scope for an International Medical Graduate , in the field of Forensic Medicine in USA?	education
3ucv66	Teachers Make Less Than Peers in Almost Any Other Job: it’s hard to attract the crème de la crème of college graduates to the teaching profession when pay is so uniformly low	education
7ejsk1	Wilfrid Laurier graduate student delivers a wake-up call	education
6zh2ti	When it comes to affordable college education, conservative Tennessee has so-called progressive California beat	education
4nxq2t	Wayne State drops math as general ed requirement: The move means students won't have to take math class to graduate unless their major requires it	education
6o6r7i	undergraduate degree and graduate degree	education
62egkc	I Needed a College Degree for This? Why Companies Are Failing at Hiring - "Requirements far exceed the skills that many entry-level jobs demand"	education
6htadj	Average IQ of college graduates by decade of graduation	education
6o9x8g	Billions in Pell dollars go to students who never graduate	education
6kficz	Liberal Arts Majors Are the Future of the Tech Industry	education
6fikp1	Analysis | Commencement speaker warns graduates: ‘You are entering a low social esteem, often thankless, profession’	education
6hsnu0	DeVos Rolls Back For-Profit College Regs, Harvard's President To Step Down	education
6haru6	New Jersey high school that botched student transcripts forces students to do extra work if they want to graduate	education
6t1j9e	Going to the graduate school of computer science	education
5x4cdj	A tiny California college whose graduates outearn Harvard and Stanford grads is changing how we train students to enter the job market	education
6digez	yale cements its line in the academic sand by awarding the student ‘truthtellers’ who bullied faculty	education
4vrfp4	As loans replace student grants, the poorest graduates will leave with the most debt	education
5gf0rz	US colleges move to protect undocumented students	education
6skufy	Seven tips to help you graduate from college in four years (article)	education
549f04	Sydney's top teachers whisked overseas before they even graduate	education
6cqalf	Yale Unionization Backers Protest Commencement. Graduate-student workers and labor groups try to draw attention to their movement	education
396qk7	The rich are 8 times likelier to graduate college than the poor	education
5jjebh	Students: Colleges Are Tracking You Online. It Can Help You Graduate	education
5tj5du	Tennessee Says A Third Of Its High School Graduates Didn't Meet Requirements	education
4gpcme	More Educated, More Liberal	education
6ix7ck	University of Missouri to push cheaper textbook plan : Using Open Source and other cheaper alternatives for general education textbooks	education
6fsl3o	How student loan forgiveness changed graduates’ paths: The public service loan forgiveness program is targeted for elimination in the Trump budget. Some beneficiaries tell how it shaped their decisions	education
6hfkaq	At Cal State, algebra is a civil rights issue	education
6eddjs	Shannon Satanori Lytle Graduates Harvard University, Becomes First In Family With Degree	education
3lsfqr	Ernst & Young, one of the UK's biggest graduate recruiters, has announced it will be removing the degree classification from its entry criteria, saying there is "no evidence" success at university correlates with achievement in later life.	education
34if2f	“In Germany and countries around the world, they understand that you tap the intellectual capabilities of young people. You make college tuition in public universities and public colleges free. That's my view as well.” Senator Bernie Sanders I-Vt	education
5zaxvr	California Democrats propose law to enable students to graduate debt free – is it possible?	education
2uzn1r	Fewer Top Graduates Want to Join Teach for America	education
6ivnsr	Posse Veterans Graduate from Vassar, Thrive in Liberal Arts	education
4z7tb1	Graduate Students Can Unionize at Private Colleges, U.S. Labor Panel Rules	education
56420l	White working-class men increasingly falling behind as college becomes the norm	education
40210s	Georgetown University report ranks more than 1,400 U.S. colleges and universities based on the earnings of graduates	education
6658x1	Analysis | Why high school exit exams are a waste of time	education
6ca581	Haskell University celebrates graduates from across Indian Country	education
5fakgp	should I study law?	education
6ecmru	What Did I Learn Being A GRA (Graduate Research Assistant) At MS&T?	education
5yte9g	News & Views The Widening Racial Scoring Gap on Standardized Tests for Admission to Graduate School	education
2v88wo	Masters degrees now as common as bachelors in the 1960s.	education
3vjvpa	The disturbing provisions about teacher preparation in No Child Left Behind rewrite	education
476sri	'Not Worth It': Why NC College Students Are Turning Away From Teaching	education
6czhzu	Achievement First is betting on a new model to help more of its students graduate college	education
2kiddv	For-profit colleges get harsh grades by former students. Graduates complain of onerous debt, unmet promises about careers	education
4aiw8m	Australian primary teachers resign in protest at standardised, assessment-based education	education
5nrv6n	From Graduate School to Greek Life: This Week's Top 7 Education Stories	education
36hx1b	Bernie Sanders makes the pitch for free college tuition	education
36zv67	11-year-old graduates from California college with 3 degrees	education
5plazb	What are the highest paying tutoring companies in the USA?	education
3yaf5l	Here’s What Happens When You Ban Affirmative Action In College Admissions: A Supreme Court decision could have a big impact on campuses’ racial diversity.	education
5ir82n	DeVry agrees to $100M settlement in FTC suit alleging misleading ads touted graduate success	education
5glyjp	Oxford graduate sues university for £1 million after not getting a first-class degree	education
5orbxr	America's Great Working-Class Colleges: Cal States, UT, and NJIT among top 10 in upward mobility for graduates.	education
4ecobq	In an unprecedented move, twelve attorneys general have called on the Department of Education to revoke the recognition of for-profit accreditor.	education
434d7n	MIT dean to start new university: “No majors, no lectures, no classrooms”	education
5lep0f	How does Graduate Programs work?	education
20mmc1	Colleges, under increased pressure to justify the cost of education, are having a hard time getting proof of graduates' success in finding well-paying jobs.	education
5zftld	'What Do Graduates Do' interesting research about graduates and jobs	education
42c5ar	There Is No Excuse for How Universities Treat Adjuncts	education
5ossd2	Post-Graduate leaving Early	education
1s3b3z	Public universities should be free. " "Americans are losing access to higher education because they have forgotten what "public" means."	education
4zc71r	Are they students? Or are they employees? NLRB rules that graduate students are employees.	education
3nykvm	Just Half of Graduates Strongly Agree Their College Education Was Worth the Cost	education
2z9c2x	Forget Harvard and Stanford. It really doesn't matter where you go to college.	education
3kssnh	Data released by federal government shows "hundreds" of colleges in which graduates earn the same amount--or less--of high school graduates 10 years after completing their undergraduate degree.	education
47000j	Why only 19% of Cal State freshmen graduate on time -- and what lawmakers aim to do about it	education
4j5yqs	Can Graduate Students Unionize? The Government Can’t Decide	education
41x115	A report that claims that there is a crisis in civic education in the United States says that nearly 10% of all college graduates think that TV's 'Judy Judy' is on the Supreme Court.	education
4wuhz4	GREs and diversity in graduate admissions	education
5950ua	Why Debt Balloons After Graduation for Black Students	education
22jlqy	UConn only graduates 8% of its basketball players.	education
21ll9m	A list of U.S. colleges "where not going to college is at least $30,000 more valuable than taking the time to pay for and graduate from one of these schools"	education
3tq4xm	Half Of People Who Went To College In The Recession Haven’t Graduated	education
1e1cbz	High school guidance counselor said university wasn't for me	education
52xtt1	Should my graduate degree be from another university than that of my undergraduate?	education
484nhd	Continuing education as an adult out of the loop	education
2x9bd7	Here's the letter 15 students refusing to pay their federal loans wrote to the Department of Education - Yahoo Finance	education
5tov25	Will You Graduate? Ask Big Data	education
3cp1ma	These 20 schools are responsible for a fifth of all graduate school debt	education
3btemb	University of Phoenix lays off 900 after student exodus	education
30hezg	Blue States' Investments in Education Pay Off	education
4zpc08	How Cuts to Public Universities Have Driven Students Out of State - Declines in state support for public universities have helped reshape the geography of public college admissions, leading many students to attend universities far from home, where they pay higher, out-of-state tuition	education
2xoqvc	America’s Millennials: Overeducated and Unprepared	education
4p9pyy	High school dropout and mother of 5 graduates from Nunavut Teacher Education Program	education
3lqfv7	The difference between mastery of facts and intelligence... and why we shouldn't mock people for not understanding stuff.	education
3d10r0	These 20 schools are responsible for a fifth of all graduate school debt	education
1gxyzd	High-income kids who don't graduate from college are 2.5 times more likely to end up rich than low-income kids who do get a degree	education
227knh	Tennessee's governor has proposed using lottery money to pay for two years of community or technical college for all high-school graduates in the state	education
1j7xnd	GED test in Ohio goes from $30 to $120 and only bank-issued credit cards are now accepted for payment. Why is Ohio making it harder for impoverished people to succeed?	education
57hfpl	Holding Ed Schools Accountable For The Teachers They Teach	education
29wdjk	How To Fix America's College Remediation Issue: More than half of community college freshmen are told they aren't ready for college-level work.	education
2vmw7b	Enough’s enough - the misery of contract teaching at a Canadian University	education
5adgsz	Is Attending the ‘Best’ High School Academically Irrelevant?	education
icp1x	When [US] high school graduates going on to college were asked what their intended major was, those who had decided on education scored in the bottom third on their SATs.	education
1i7srv	Democrats, Republicans conspire to hike student loan rates: Student loan rates will be capped at 8.25 percent for undergraduates and 9.25 percent for graduates.	education
4r2r7k	Regardless of an elite graduate school degree, undergraduate prestige greatly impacts salary	education
1uc2qj	"There's a Cheaper, More Effective Way to Train Teachers." Spoilers: Apprenticeships	education
2o1wtl	Average bachelor-degree graduate leaves school with $28,400 in personal debt	education
3rc9dc	Community College and For-Profit College Graduates Earn Same Hiring Interest from Employers: Researchers found that hiring managers show no preference for hiring people with for-profit college credentials compared to those holding comparable credentials from public community	education
1etxsi	90% of HS teachers think their kids are ready for college. <30% of college teachers agree. WTF???	education
4pexdv	Somali Man, 61, Graduates From High School	education
5bkelg	Perhaps we should be creating paid for social networks instead of bachelor's level graduates that have an indeterminate future.	education
2fsw8j	'The experience shortage': Student calls for ALL higher education courses to have work placements to prepare them for the 'real world'	education
4r0c6o	ETS plans to encourage graduate departments to de-emphasize GRE	education
3i91v0	Pell Grants: Billions Go to Students Who Don't Graduate, Analysis Finds	education
38e4n6	How a corporate cult captures and destroys our best graduates	education
20qbab	Starving College Students and the Shredded Social Contract | College students, of course, have long been broke, and plenty members of today’s professional class nurture nostalgic memories of their ramen years. What we’re looking at here, though, isn’t picturesque slumming-it’s serious poverty.	education
1y7nlw	There Is No Demand for Higher Education | The demand isn’t for education, per se, it’s for what we believe education can provide: a secure, stable life...The social capital earned has greater influence on the lives that graduates will ultimately lead than the credential itself.	education
46qf6q	A college degree is worth less if you are raised poor	education
400u23	"A lawsuit accusing Thomas Jefferson School of Law of inflating data on the post-graduate success of its students has been cleared for trial."	education
1t66gh	Only 3 students scored college-ready in Camden, New Jersey	education
132qpn	Ebert: I think we need an emergency education program, investing in basics — and not $60 million high school stadiums	education
369ltp	I am a recent college graduate applying to graduate schools so that I can obtain a Masters Degree in Special Education...	education
3b6dfx	80K Students Failed In English In Punjab Due To ‘Lake’ Of Teachers’ Knowledge	education
4do1lu	Berkeley to accept University of the People graduates	education
pqpav	Finnish children are encouraged “to know, to create, and to sustain natural curiosity.” 93% graduate from high school.	education
2jlxd6	Graduate in May, want to be a teacher, need advice	education
s4gi4	Tuition inflation solution? Scratch a tuition and make graduates pay a static percentage (based on 5%) of their salaries for their first 20 years of employment. 	education
4lyf00	Teach for America retools efforts to recruit graduates from top colleges	education
4bwbvc	Law Graduate Who Sued Her School Loses at Trial	education
3emjpe	Question about graduate programs	education
4et1gf	Essay: Five reasons to play sports in graduate school	education
3l0w9s	Teaching In America: 'Only The Strong Will Survive'.	education
brymi	The average college graduate's score on this US civics test is 54%.  Let's see how informed Redditors are.  Take the test and post your score.	education
4xl20l	Quarter of UK graduates are low earners 10 years after university | Education	education
29bttw	Americans think we have the world's best colleges. We don't.	education
26296q	If you look at who actually graduates by age 24 with a college degree, it is predominantly people who come from the upper quarter of the income spectrum. For everyone else, graduation rates are poor.	education
4cwjlr	Will this student graduate? White and black teachers don't agree	education
3hifr1	Graduate Students Discuss Next Steps After Losing Health Insurance	education
17bwhi	University of Wisconsin to Offer a Bachelor's to Students Who Take Online Competency Tests About What They Know; No Class Time Required	education
4wp55x	Online Graduate Studies With the current credit crunch as well as the financial crisis, more professionals are hesitant to pursue higher learning through a master’s degree. Particularly for those with families or full-time jobs,	education
4kvr9i	How Rutgers University-Newark's Approach to Admissions Helps Black Students Graduate	education
1km499	"We accept that high school is a universal public good that's paid out of tax dollars. We have to apply that same idea to college"	education
hsh21	Executives at U.S. companies routinely complain about the lack of reading, writing and math skills in the recent graduates they hire.	education
1xfig4	Any other schools take "no child left behind" to mean "no one stays back"? How did you deal with it? Possible to change?	education
4mua2b	New GRE data illustrate trends on future graduate students	education
tdydd	How long until US colleges and universities suffer mass student exodus when students realize that their degrees will not secure them a job or salary requisite with their abilities? 	education
rdvzz	"Graduate and professional students are no longer eligible to receive subsidized loans."	education
2or071	Cambridge graduates "the most employable in the world" - The Global Employability University Ranking, published by the International New York Times, names Cambridge as the world's top institution for graduate employment	education
2xdvww	Why Pre-School Shouldn't Be Like School	education
180cxv	Yale University may have an endowment in excess of $20 billion, but that hasn’t stopped it from suing some of its poorest graduates for unpaid student loans	education
2jp8jb	"Arts graduates are among the happiest professionals in the U.S." But why?	education
25ppkc	Who Gets To Graduate?	education
24jjw1	Today's advice to graduates: No selfies	education
2lrq3h	Suggested readings?	education
3os1f3	Complaints From Private Student-Loan Borrowers Rise as Few Enroll in Income-Based Repayment	education
3h7s76	How States Rank on High-School Graduation Rates: Nationwide, the percentage of students getting their diplomas is at an all-time high. But while some states have made incredible strides, others have struggled to keep up.	education
1ilqb8	University of Michigan OKs in-state tuition for students living in US without legal permission	education
ekbof	The great college degree scam: Approximately 60% of the increase in the number of college graduates from 1992 to 2008 worked in jobs that are relatively low skilled, in occupations where many participants have only high school diplomas and often even less 	education
18idhf	"It's a hazing ritual passed down from another era, retained because the Ph.D.'s before us had to do it." -- an article on rethinking the dissertation	education
1z6ebq	Chicago charter schools expel many more kids than district schools	education
1fgsyf	X-Post: University Graduates: If there was an option to turn in your degree to clear all of your student loans, would you do it?	education
2v0p8y	"A controversial professor on Wednesday revealed that Marquette University is trying to revoke his tenure and fire him for statements he made about a graduate instructor, with her name, on his blog."	education
3oygej	SNHU. Vs. University of Phoenix	education
4ah71f	2017 Best Graduate Schools Preview: Top 10 Education Schools	education
ntn8v	Do Teachers Really Come From the "Bottom Third" of College Graduates?	education
px7ct	I'm in the process of getting my teaching certificate/Master's in Education.  No loans so far, but if I want to graduate anytime soon, I'll need to take out a school loan.  But teaching prospects for secondary English (my field) frighten me.  Any advice?	education
t43v0	Holding transcripts hostage -- Colleges' withholding of transcripts of graduates who've fallen behind on loan payments makes it even less likely that the student can get a job and resume loan payments.  	education
1luyis	"At last check, 66 percent of Baltimore City Public Schools students graduate high school in four years. Every student in the Incentive Mentoring Program graduated from high school and were accepted to college, and 53 percent graduated from a four-year college."	education
38w432	Walk of redemption: Women inmates overcome troubled past to graduate high school - Tuesday, June 3, 2014 | 9:45 p.m. - Las Vegas Sun	education
bssth	Law students get a diploma in three years. Medical students receive an M.D. in four. But for graduate students in the humanities, it takes, on average, more than nine years to complete a degree.	education
