9sy0i6	Education philanthropy: why the billions spent aren’t working	education
9utgwf	From South Carolina to California, charter school-loving billionaires are plowing money into midterm local and education races	education
9tv1jo	Why Are We Still Teaching Reading the Wrong Way?	education
9mp8iz	Rich people are spending fortunes to make education better. ‘The problem is that they’re not.’	education
9ltk0u	United States drops six places in quarter century to 27th for its levels of healthcare and education.	education
9uploe	Why did you decide to become a teacher?	education
9v2vz3	UPenn student writes op-ed arguing for donors to stop giving to Ivy League universities, instead focusing on state schools	education
9vda49	A teacher defaulted on $55,000 in student debt—loan rehabilitation offered hope, but now he owes $130,000	education
9vjpvn	'Phenomenally saddening': inside the sordid world of America's for-profit colleges	education
9u80em	Still undecided about the midterms? Here's a candidate: public education.	education
9eccrv	Billionaires v teachers: the Koch brothers' plan to starve public education: “The Koch brothers and DeVos are trying to do everything they can to divert money that should go to the public-school system, where 90%-plus of students go,”	education
9t9xyp	These 2018 Candidates Want to Eliminate Your Student Loan Debt	education
9tgqat	New Report Finds Student Debt Burden Has 'Disastrous Domino Effect' On Millions Of Americans	education
9g4v4k	Texas Board of Education Votes to Remove Hillary Clinton From Social Studies Curriculum	education
9m7s5q	Indiana Superintendent: Schools That Accept Taxpayer Money Should Accept LGBT Students and Employees Too	education
9s4y54	Client has mental health disorder, what rights does he have as far as his education goes?	education
9ultml	Should I Go to Trade School or College?	education
9rygyz	A key role of a teacher is to not be a barrier to a child’s natural way of learning.	education
9u0syi	Perspective | Academia is a cult	education
9qh8hh	Early childhood education yields big benefits — just not the ones you think	education
9v2m8m	We Should Teach Media Literacy in Elementary School	education
9s5ofl	These Americans fled the country to escape their giant student debt	education
9sg55p	How Gates Foundation's new $450 million education initiative will look	education
9ockod	There are no actual teachers on the 30 under 30 list of educators	education
9hc07u	'I Work 3 Jobs And Donate Blood Plasma to Pay the Bills.' This Is What It’s Like to Be a Teacher in America	education
9uehyk	What Educators Say They Need to Integrate Wellbeing into K-12 Education	education
9kpm54	‘I will never return to teach in England’: the UK teachers finding refuge abroad | Education	education
9ph7t5	Last book you read re: Education	education
9vdb5r	Why are school trips so important in any education system?	education
9j3it5	Florida teacher says she was fired for refusing to give students partial credit on an assignment they didn't turn in	education
9k6pg1	Education systems around the world	education
9qshb1	Will a Student Loan Debt Crisis Sink the U.S. Economy?	education
9osfue	Court allows Obama-era student loan rules to take effect, delivering defeat to DeVos	education
9o1j98	How to raise money for our underfunded elementary public school	education
9isyge	Teacher says she was fired for giving zeroes to students who didn't turn in their work	education
9p4vk1	USA TODAY Network journalists followed 15 of America's teachers on a day of frustrations, pressures and hard-earned victories	education
9hoc8w	Why Does the School Day End 2 Hours Before the Workday?	education
9tzjj6	I need out-advice?	education
9t4q6v	Online education startup idea , I need your reviews please .	education
9vdpe9	How Americans Feel About Affirmative Action In Higher Education	education
9p3ga5	What are the most pressing issues in current Education in North America in your opinion?	education
9u5361	9 Things You Need To Know About Education And Tuesday's Election	education
9ngwdz	Why is the US Education System so resistant to change?	education
9snuvi	John Taylor Gatto (1935-2018): Remembering America's Most Courageous Teacher	education
9vwqug	It ended in 1767, yet this experiment is still linked to higher incomes and education levels today	education
9dt6sh	Arizona lawmakers cut education budgets. Then teachers got angry	education
9le37r	Student loan crisis threatens American dream for a generation | Money	education
9vmbq9	Personal Finance education channel	education
9p7pjd	How to identify fake news? Parents have to educate their children, says MOE	education
9qjl1m	New Zealand chooses Google Chromebooks over Microsoft Windows 10 for education	education
9v26id	A Lesson From Montanans’ Vote to Tax Themselves to Fund Higher Education	education
9fatw2	Teens Think They Shouldn’t Have to Speak in Front of the Class	education
9vqnni	VIDEO: What Will The 2018 Midterm Elections Mean For Education?	education
9e2fk8	A question about the American school system.	education
9vorl2	California Teachers Unions Oppose Paying Teachers More Because It Would Introduce Too Much Competition Into Public Schools	education
9p0d7u	What are the biggest issues facing humanity and how can education address them?	education
9iib82	Another Advantage for Wealthy Students - A new study on grade inflation	education
9nky88	Everything You Know About State Education Rankings Is Wrong	education
9vjkl3	The Backlash Against Screen Time at School	education
9fiaco	Betsy DeVos Loses Student Loan Lawsuit Brought by 19 States	education
9niskq	Mark Zuckerberg Is Trying to Transform Education. This Town Fought Back.	education
9cyuxl	Education is terrible today because...	education
9apb30	For-profit charter schools would be banned under California bill heading to the governor	education
9sn2bj	Impact Of College Ranking On Admission Trends- If modern education trends are to be believed, a major portion of student population prefers to survey online college rankings before considering a college admission. Read More	education
9vnkex	Armistice Day Centennial. A 5-minute (or so) musical exploration of current events and history. "Making popular education popular again."	education
9vakpv	Early-Career Enhancers in Education Is On the Rise	education
9tkmdd	With a High School education, you have a 4.2% chance of becoming a millionaire (Vs. 13.5% with a college degree)	education
9o7ydf	Any tips or good resources to use for an adult looking to complete their secondary education?	education
9qqvhh	New Zealand chooses Google Chromebooks over Microsoft Windows 10 for education	education
9gxxii	Up To 60 Percent Of College Students Need Remedial Classes. This Needs To Change Now	education
95eacc	Arne Duncan: ‘Everyone Says They Value Education, But Their Actions Don’t Follow’	education
9d5e87	Is Education a Fundamental Right?	education
9p8x7u	Should education be aligned with government policy?	education
9lmbe8	Parents and students tuition payments included in total spending on education by government	education
979ke7	What Is Education For? - Rejecting the dystopian visions of defunding "economically useless" education	education
9pf895	Alternative schools across the world	education
9j6odx	Jeff Bezos is going to create schools where ‘the child is the customer’	education
9q9ybd	What Is Harvard Trying to Hide?	education
92bkb1	Betsy DeVos' Department of Education to curb college loan forgiveness, cutting estimated $13 billion in relief for defrauded students	education
98bml2	Florida’s teacher shortage is real, and it’s going to get worse,’ State Board of Ed member worries	education
9sp8hs	The Truth about Education in Uganda	education
9se1oh	Former Microsoft Engineer Brings A Hong Kong Based Education Start-up To Empower Children - Reuters	education
9a0k2p	Texas Public Schools A-F Ratings: Is 'A' for Affluent? (x-post r/dataisbeautiful)	education
9tm6lh	The Most Powerful Words In Education	education
9i645o	What is your experience with Montessori Education?	education
9iu442	Why do famous youtubers rant about education?	education
9823r6	Education Lounge: Share/Rant/Discussion Fridays - August 17, 2018	education
9b3swc	Trump’s Student Debt Policies Are Mind-bogglingly Corrupt	education
9t7wgh	Advantages and disadvantages of crazy expensive private schools	education
9fl9cg	'Liberal Education' Not About Hugging Trees, Weaving Baskets	education
9o9uww	People with a Masters Degree...	education
9o3s6a	If Johnny Can't Read, Who's to Blame?	education
9caopd	Student Agency is education's "holy grail". It's existence will guarantee learning success for all students.	education
9p98r0	Charlottesville’s Other Jim Crow Legacy: Separate and Unequal Education	education
95wubu	Texas will soon release A-F grades for schools. Educators are organizing in opposition.	education
9v9f6l	The Questionable Year of the Teacher Politician	education
9pmdke	FWISD School Board Member Jacinto "Cinto" Ramos Jr. goes on podcast to discuss education, race relations in America and politics.	education
9esmv3	In Need of Advice	education
9rf7qg	West Virginia Higher Education Policy Commission Chair Fires Back at WVU President E. Gordon Gee	education
9l8zwv	What are the strengths and weaknesses of traditional schooling in your opinion?	education
9cpttz	Best place to search for education grants?	education
9imeus	Is there compelling research Demonstrating the benefit of more technology in elementary school education?	education
9raf0l	What do you think about Hungarian Education, does it have high standard s and is it efficient in the overall run?	education
9lovw2	Civics Education Helps Create Young Voters and Activists	education
9r0mw2	Higher education chairman questions WVU president Gordon Gee, Blue Ribbon Commission	education
9qwo39	I am on EI. Going Back to school. what is the name of the program i Want to enroll in prior to starting my education for the next 3 years?	education
8v0dm7	Judge dismisses lawsuit against Michigan's governor over Detroit kids' illiteracy: "(T)he state is not obligated to provide a minimal level of education by which students can obtain the ability to learn how to read."	education
9ovl89	Education workshop Presents Solar Expedition. A part of the Space VR workshop for KS1 and KS2 school children.	education
9qg6rr	Parental education is a better predictor of children's intelligence than parental wealth	education
9ctvb6	Basic Income Could Prove To Be The Ultimate Back-To-School Tool	education
9l0bcw	Judge Dismisses Challenge to Tribal Education Services	education
9a7bhd	LSE: Why Does Education Reduce Crime? (PDF)	education
9ilghc	Waldorf Education	education
9l2j7v	12 institutions developing OER under LibreTexts project awarded $5M from the Department of Education	education
9bfa20	Six Republican members of the Oklahoma House who opposed hiking taxes to improve teacher salaries lost their jobs in primary runoffs, adding momentum to a pro-education movement that previously ousted two other GOP legislators and fueled a statewide teacher walkout	education
8x9pvl	Education not about learning anymore	education
9hhghr	(UK) Head master warns Recent ruling against Exclusion of an Autistic Student in the may set a dangerous precedent for the future	education
92cdyu	No, private schools aren’t better at educating kids than public schools.	education
98laxw	What Does Ideal Education Reform Look Like?	education
9fmw14	Update: The Evergreen State College - ONLY 300 enrollment Over 50% drop	education
9mb0nh	Georgia’s Separate and Unequal Special-Education System	education
9f81zh	Why Does the School Day End 2 Hours Before the Workday?	education
9fziu9	Arts in Education Week: 51 Reasons to Shout About It	education
9msdxd	What is Education like in Uganda?	education
9foa8x	Dear Politicians: Education is about teaching and learning. Not winning votes.	education
95mpiw	The Wisconsin Governor’s Race Might Be Decided by Education	education
8yclor	Chomsky: High College Tuition Is a Blunt Instrument to Keep the Middle Class Down	education
9cv4dj	Teachers Are Moonlighting As Instagram Influencers To Make Ends Meet	education
9ba95y	From The Information Age To The Era Of Intellectual Laziness	education
9njz46	Radio Atlantic: America's Higher Education Crisis	education
9mehy9	Higher Education and Regional Development: Tales from Northern and Central Europe | Interview / book review	education
921l6d	Students Argue Literacy Is A Right In Lawsuit	education
971dgz	Throwing Children Away: The School-to-Prison Pipeline	education
9itp04	Texas Board of education removes Helen Keller and Hillary Clinton from history texts, keeps Bill Clinton's impeachment and Moses, whose “principles of laws and government institutions informed the American founding documents”	education
97gsru	Kavanaugh Could Unlock Funding for Religious Education, School Voucher Advocates Say	education
8zsjp6	Thoughts on Teaching Computer Science in elementary education and Middle School...	education
8zectl	The Crisis in Political Science Education	education
8ks6on	Obama’s education secretary: Let’s boycott school until gun laws change	education
9d90f1	Perfect Education System	education
92sq5z	for those of you who have done a master's program online, can you share your experience?	education
9lb0rp	Why Mobile Applications Are Must Have For Education Sector?	education
8nk6cj	"Money For Kids and Education, not for Billionaire's Profit Making!" California joins the national wave of teacher revolts	education
9k7beq	Intergenerational Mobility and the Effects of Parental Education, Time Investment, and Income on Children’s Educational Attainment	education
9finus	Rethinking What Gifted Education Means, and Whom It Should Serve	education
9gwiti	California's children fall behind before they start school, and some never catch up, study finds	education
9b8tfq	Are you willing to pay $xxx,xxx for education?	education
9gutsa	'Post-Truth' and the Decline of Swedish Education by Magnus Henrekson & Johan Wennström, Quillette.com	education
91g29f	The 'Over-parenting Crisis' In School And At Home	education
99hoer	20 Ways Blockchain Will Transform (Okay, May Improve) Education.	education
9jsvty	That is the real education	education
8qx8ds	Education Department staff down 13 percent since Trump administration began: Inside Higher Ed analysis of employee data shows the agency has shed more than 500 workers -- 13 percent of its total staff -- since the start of the Trump administration	education
9jcv4b	Call for Blockchain in Education Summit Participation	education
9jenot	Hacking the Future of Education.	education
9cbgr5	Master’s Options for Educators?	education
9l4gne	Brett Kavanaugh’s Friend Mark Judge Edited His High School Yearbook	education
9bp8zz	Your opinion about my design for education Toy	education
9c2nyi	Top 100 Free Education Sites	education
91sfns	Students Seeking Equal Access To Education May Find Federal Help Harder To Come By	education
8wglzu	Rural high school students are skipping college. Should we be worried?	education
94cxwr	Teachers who quit teaching, what are you doing now? How did you get that job?	education
921twy	The genetics of education: 1,271 genes account for 10% of the variation - But collectively, they're less important than your parents' education.	education
991k0y	master of arts vs master of education?	education
8xvjai	Female students, especially black women, have the most student loan debt at the time of graduation	education
9div8d	Does the education system adequately serve advanced students?	education
8ts1e6	First space, then auto—now Elon Musk quietly tinkers with education	education
8sy96x	White House Proposes Merging Education And Labor Departments	education
9dw84w	How 50 Years of Latino Studies Shaped History Education	education
99kqnn	XP- Opinion | The silver bullet for student debt: Bankruptcy	education
9aosgt	Trying to further my education (need help)	education
8ouhri	DeVos Says There’s One Thing Her School-Safety Commission Won't Be Studying: Guns	education
8zeio2	Why Is Tuition So High? Government Shares in Blame.	education
8u16fx	Who Should Pay For Preschool For The Middle Class?	education
90b3wt	Don’t Use Test Scores to Regulate Education Choices	education
8qelv9	Students' test scores tell us more about the community they live in than what they know	education
9k825n	3 Ways That Colleges Suppress a Diversity of Viewpoints	education
8jzzl6	According to a federal Department of Education survey released on Tuesday, 94 percent of public school teachers in the United States reported paying for supplies without reimbursement in the school year that straddled 2014 and 2015	education
909j3l	Schools 'could learn from Fortnite'. Techniques borrowed from video games such as Fortnite could transfer to the classroom to make lessons more engaging, says an education expert	education
8gq984	Oklahoma teacher of the year shocked Betsy DeVos 'redefines' private schools as part of public education system	education
8lcma7	Dems call for teachers' raises funded by killing tax cut for wealthy	education
9ai5kb	The ideological limitations of a farcical education system - What should be the fundamental goal of education?	education
8m0i3x	Critics: DeVos should retract undocumented students remarks or resign	education
90aau0	Teachers, Admins: How do you find good PD?!?	education
94mvsf	Looking to change career paths and get into education	education
9eghg3	17 college course ends in Feb do I have to stay in education until I’m 18	education
8zs26b	Nearly 1 in 5 NC students are opting out of traditional public schools. Does it matter?	education
9a3gcr	A critique of ‘play-based’ learning - looking at the evidence.	education
8ztwce	Empowering Kids In An Anxious World	education
9erem6	Education Research and Correlation vs. Causation	education
949f4q	Education Lounge: Share/Rant/Discussion Fridays - August 03, 2018	education
93hino	How Our Education System Is Broken…and 3 Ways to Fix It	education
8oi720	New York City Mayor De Blasio wants to scrap admissions testing for elite high schools	education
951oi1	The Ethics of Pandering in Boston Public Schools’ School Assignment Plan	education
8kwunx	Obama’s education secretary: Let’s boycott school until gun laws change	education
96woui	DeVos Ends Obama-Era Safeguards Aimed at Abuses by For-Profit Colleges	education
9dkp77	Hard Lessons: North African Writers on Education - Al-Fanar Media	education
9b02cg	How Women’s Suffrage Improved Education for a Whole Generation of Children	education
906k0a	Question about education.	education
9hg28w	Usable data sets for public high school finance and any outcome vars?	education
8eg7te	We Don’t Need No Education: At the state and local levels, the conservative obsession with tax cuts has forced the G.O.P. into what amounts to a war on education, and in particular a war on schoolteachers. That war is the reason we’ve been seeing teacher strikes in multiple states.	education
95klo6	How to get back into education?	education
9azpyh	To cultivate success, rather than exhaustion, education must rediscover its roots in the 'scholē': a place of 'leisurely, learned discussion'	education
8hwy6n	How Charter Schools Cook the Books	education
9dlzj6	Poway Teachers Ousted for Relationships With Students Kept Working in Education	education
945m89	Education in Japan	education
8utaep	“Teachers will be in the classroom…there will be no labor activity” Pennsylvania judge breaks teachers’ strike	education
94asku	How Does one change Public School Education Curriculum requirements? [USA]	education
9btuc1	Refugee Education Efforts Not Keeping Up With Need	education
9cnqw5	Reasoned eclecticism in education philosophy.	education
8zpcut	Academia that ruins. Where is the promised enlightenment?	education
8oc0a9	Schools Without Rules: Private schools' curriculum downplays slavery, says humans and dinosaurs lived together	education
8r4y2b	University of Chicago drops SAT/ACT requirement | Inside Higher Ed	education
8v4692	Free education?	education
8f66oy	Teachers in Arizona and Colorado Walk Out Over Education Funding	education
8kosta	Getting teachers to acknowledge and change their beliefs and biases about their teaching practice and about the children they teach is the biggest challenge faced by education.	education
9854k5	Private schools reduce our education system to a game of collecting high status credentials. This game has few winners and many losers.	education
8ss7cl	Trump Proposes Merging U.S. Department of Education and Labor	education
86m5j4	Race, not just poverty, shapes who graduates in America — and other education lessons from a big new study	education
8wejf7	Practical versus theoretical education at universities	education
98nrrw	Should we force kids to go into School?	education
9b7k8s	Countering the Achievement Society - To cultivate success, rather than exhaustion, education must rediscover the role of leisure	education
92cci8	Education Lounge: Share/Rant/Discussion Fridays - July 27, 2018	education
8mv1hy	Teachers Should March in Every State: Michigan, Let’s Go Next!	education
94v2gl	Providing Equitable Access to Computing Education	education
8g970x	"George Mason university granted the conservative Charles Koch Foundation a say in the hiring and firing of professors in exchange for millions of dollars in donations, according to newly released documents."	education
84m5ty	Arizona teacher posts salary on social media: ‘I need a college degree to make this?’	education
923p5o	AP Exclusive: Billionaires fuel US charter schools movement	education
97az2u	QUESTION for educational researchers: J.C. Harste said in 1992, "we keep putting off the very important business of...	education
90w7qy	To create an Education system that works for all, teachers will need to look to The evidence and acknowledge their biases.	education
93q6xe	I came across this (admittedly biased) article this morning while browsing the Internet. I was wondering what the opinions of of any other teachers/educators/people in the education fields?	education
80vqy1	Teachers want common-sense gun reform, not to carry weapons, says National Education Association official	education
8y4im0	What can I do with a BA in education?	education
90oadi	What Your State Is Doing To Beef Up Civics Education	education
8nc3er	Trump Panel Slammed on Slow Pace of School Safety Work: Nearly 3 months—and 7 school shootings—since Trump created a commission to seek solutions to school violence, the Cabinet-level panel is being slammed for what critics see as its slack pace, lack of transparency, and limited representation.	education
923zdz	Education is the biggest focus for Chinese middle class	education
83whwu	WATCH: Betsy DeVos tries and fails to answer basic questions about education	education
8m74we	Economist thinks education is mostly pointless showing off. We test the strength of his case.	education
8rvxn9	"Choosing a School for my Daughter in a Segregated City" - your thoughts?	education
8i71ze	Why You Should Consider A Gap Year Between High School And College -- I learned a lot of valuable lessons during my year off from school, and more people should consider a gap year regardless of whether they end up going to college.	education
9376ck	Canada Learning Bond Improves Access to Post-Secondary Education for Low-Income Families	education
946rsr	DreamBox Learning raises $130M with the Rise Fund, adds former U.S Education Secretary to board	education
8fzzux	Trump blamed as U.S. colleges lure fewer foreign students	education
8an4fh	There's actually no such thing as different 'learning styles', according to science	education
89vvfy	Oklahoma parent finds Blake Shelton's name in daughter's 1980s-era textbook, calls for more education funding	education
96gtr5	Help finding a school	education
8rq2iw	Donating to organizations for evidence-backed early childhood education/development work	education
8twxz5	Money and the Unflappable Economist - the Koch brothers scandal at George mason university	education
8i4xqg	Why So Many Gifted Yet Struggling Students Are Hidden In Plain Sight	education
8cunln	University of Manchester tells students facing UCU strike disruption their "contract is to deliver a degree" - not an education	education
8ysaxt	Vouchers In Puerto Rico; Secret Service Guides Schools; Special Education And Race	education
8zj19j	Which country has the hardest education system?	education
