73u8um	Need help finding an appropriate poem to demonstrate "honesty, integrity and loyalty" to 6th graders?	education
31mu8m	Online Test-Takers Feel Anti-Cheating Software’s Uneasy Glare: "Proctortrack uses algorithms to detect unusual student behavior — like talking to someone off-screen — that could constitute cheating. Then it categorizes each student as having high or low 'integrity.'"	education
37epvz	What are some great lessons that teach, character I.E. integrity or empathy? Magic tricks, picture books, group activity. I teach upper elementary.	education
3walyx	SSAT looks to add a "Character Skills Assessment" measuring traits like teamwork, empathy, and integrity	education
3l7mgw	This Strike Is Teaching Our Kids About Fighting for What's Right, Integrity, Social Justice, and Solidarity	education
dud9z	"... What did surprise some Westfield students and their parents was a sheet titled 'Expectations of Integrity' included in the materials handed out by the three AP World History teachers. Their No. 1 rule discouraged random outbreaks of curiosity: ..."	education
22fb9o	Florida State students to Koch brothers: Stop trying to Buy our Academic Integrity	education
2km9bh	TIME: Apologize to teachers	education
1nr5oi	People who think its students OR professors who undermine the integrity of US Universities: read this	education
1vc6ud	Starting a credential program and worried about antagonizing ideological instructors.	education
1kc9i9	African woman in US says lack of integrity in academia and lack of student rights is a black eye for America	education
yrpij	The Sham of Teach for America: Part One	education
idcq9	Secretary Duncan's warning on Data integrity misses the point. All the high stakes he favors are the REAL threat to the validity of the data	education
67qxiq	What would it take to implement something similar to the Finnish education system in the U.S.?	education
59qr40	Is anyone aware of a test to measure prospective private school students' ethics?	education
12uoej	High levels of unprofessional ism from teachers in the public school system. My perspective as a year 10.	education
18rf5a	Services like StraighterLine? A list needed. 	education
n9j0j	Teacher's crazy response to student's email	education
