9qzyij	Megathread: Likely Explosive Devices Addressed to Former President Obama and Former Secretary Clinton Intercepted by Law Enforcement, Linked to Device Sent to Democratic Donor George Soros	politics
9vuvdx	Trump cancels World War One memorial visit to US cemetery because of 'poor weather'	politics
9v5cny	Jim Acosta White House credentials suspended	politics
9sgmqo	Sarah Huckabee Sanders claims Donald Trump won the popular vote by "overwhelming majority," when he lost by millions	politics
9v2ov8	Megathread: Attorney General Jefferson Sessions Resigns at Request of President Donald Trump	politics
9r3vym	CNN to Trump: You incited this	politics
9v3sp9	Pelosi calls on acting AG to recuse himself from Russia probe	politics
9qjces	Obama: 'There's a pattern' of Republicans running the economy 'into the ground' and Democrats having to 'come back and clean things up'	politics
9rp138	Obama: If Republicans really cared about Clinton's emails they would be 'up in arms' over Trump's iPhone	politics
9sj3tr	Pharrell Williams Sends Trump Legal Threat Letter for Playing 'Happy' After Synagogue Shooting	politics
9sf1bo	Report: Trump Clocks in About Three Hours of Work on a Good Day	politics
9vtl5n	Barack Obama Crushed Donald Trump in the Midterms With Endorsements Winning Far More Races	politics
9vcr45	Who Is Matt Whitaker And Why Is He Illegally Pretending To Be The Attorney General?	politics
9sx7ez	Has Mueller Subpoenaed the President?	politics
9tapch	Remember 11 days ago, when Trump promised to cut your taxes by November? We do.	politics
9ttbm3	Republican: Vote Democrat, hold Donald Trump accountable	politics
9rblif	Trump claims ‘I rarely use a cellphone’ in tweet sent from iPhone	politics
9v1gl3	Trump Stops Briefing To Berate CNN’s Jim Acosta: ‘You Are A Rude, Terrible Person’	politics
9ruj27	Obama rips Trump: 'It's wrong to spend all your time from a position of power vilifying people'	politics
9tm3r4	HBO responds to Trump's 'Game of Thrones' tweet: We 'would prefer our trademark not be misappropriated for political purposes'	politics
9vu2hr	Senate Democrats consider legal action against Trump's Whitaker appointment	politics
9s2mzd	Trump Lies About Sept. 11 to Justify Holding Campaign Rally After Synagogue Shooting	politics
9rn8a9	Donald Trump Repeats 'Lock Him Up' Chant About George Soros Minutes After Calling For Unity Around Bomb Threats	politics
9w1kuk	Twitter Pelts Trump With Photos Of Obama In The Rain After He Ditches Cemetery Visit	politics
9rchz3	A President Who Hates Half The Country Doesn’t Get to Call For ‘Unity’	politics
9v42yv	Sanders Warns Trump: Interfering with Mueller Probe an 'Impeachable Offense'	politics
9vunoh	Trump threatens to pull California federal funding over wildfires	politics
9rotre	'Nobody in my administration got indicted': Obama jabs Trump	politics
9u4no4	I served under President Bush: I left the GOP to vote Dem. Trump is a fascist, a danger to our republic	politics
9vjzsi	Lindsey Graham in 2017: ‘Holy hell to pay’ if Sessions is fired. In 2018: ‘When was that? What year?’	politics
9r9stf	Ninth Suspicious Package Found In Delaware Addressed To Joe Biden	politics
9v4xuw	'It is imperative’ that Mueller probe continue unimpeded, says Mitt Romney	politics
9rdq9j	Donald Trump blames the bombing victims: That didn’t take long	politics
9vnhei	Trump is Trapped, and Trying to Protect Himself at All Costs	politics
9stf8f	Trumps and Jared Kushner Confronted by Thousands of Protesters at Pittsburgh Synagogue: "President Hate, Leave Our State"	politics
9pafql	New Emails and Photo Show President Intervened Directly in Decision Not to Sell FBI HQ Property to Potential Trump Hotel Competitors	politics
9uqrb7	Trump has the worst approval rating of any president in modern US history heading into their first midterm election	politics
9ur9d6	'It disturbs me to my core': Fox News staffers express outrage over Hannity's rally appearance	politics
9vy5pw	President Trump Faces Backlash After Cancelling World War I Ceremony Appearance Due to Rain	politics
9t252o	Bernie Sanders calls Trump 'most racist, sexist, homophobic, bigoted president in history'	politics
9urgx2	Beto O'Rourke's Politics of Optimism Are the Future of America	politics
9vmqff	McConnell rejects vote on bill to protect Mueller, says special counsel is 'not under threat'	politics
9vllxb	CNN's Acosta in Paris to cover Trump visit	politics
9vl5ft	Trump calls April Ryan a 'loser,' threatens to revoke more press credentials	politics
9p9yna	Jimmy Carter: Kavanaugh is 'unfit' to be a Supreme Court justice	politics
9vu09e	Sen. Jeff Flake: 'Somebody needs to run' against Trump in 2020 GOP primary	politics
9nqo1q	Trump calls on blacks to ‘honor’ him with votes, then praises Confederate general Robert E. Lee	politics
9r32oi	Dow plunges more than 500 points in another day of losses, officially wiping out its 2018 gains	politics
9vpvkm	Report reveals President Trump likely committed several crimes by paying off Stormy Daniels, ethics experts say	politics
9ujeig	“I’m Very Worried About Don Jr.”: Forget the Midterms—West Wing Insiders Brace for the Mueller Storm	politics
9r798y	Trump’s tapped phone may be the largest White House breach ever: former official	politics
9pcm9v	Donald Trump Says He's Too 'Busy' to Visit U.S. Troops Overseas but Has Played Golf Almost 70 Times	politics
9isuk2	Watch: Donald Trump laughed at by U.N. General Assembly for claiming his administration is greatest in history	politics
9vuj64	Michael Avenatti Calls For Trump’s ‘Immediate’ Indictment After Hush Money Report	politics
9rqp0k	After arrest, Republicans struggle with mail bombs fallout	politics
9n87wv	Trump tries to fire John Kelly 'but Kelly just ignores him', White House official says	politics
9qjw3y	Trump: 'You know what I am? I'm a nationalist'	politics
9sqlkh	Biden: ‘I am sick and tired of this administration’	politics
9t4770	Trump: “A Lot of People Say” George Soros Is Funding the Migrant Caravan	politics
9tn8qy	Judge Orders Evidence to Be Gathered in Emoluments Case Against Trump	politics
9vvfog	Donald Trump can't resist, takes jab at hospitalized Justice Ginsberg: "she's not on my side"	politics
9uvgg3	We waited almost 5 hours to vote in my Georgia precinct. How convenient for Kemp.	politics
9w0r6v	Trump appears distracted and disengaged on Paris trip	politics
9vdcyi	No, CNN’s Jim Acosta Did Not Criminally Assault a White House Intern	politics
9sz0yy	Not one elected Republican was willing to meet with President Trump in Pittsburgh	politics
9vpa5c	Trump loyalist Matthew Whitaker was privately counseling the White House on investigations	politics
9ufmtj	Prove it, America. Prove that President Trump is not who we are.	politics
9v5cra	White House Yanks Press Pass From CNN's Acosta	politics
9sbojg	The Midterms Are Our Chance To Vote Out White Supremacy	politics
9te14n	CNN aired Trump rambling about immigrants for 27 minutes	politics
9kwbzr	Trump Mocks Christine Blasey Ford at Rally: ‘I Don’t Remember’	politics
9vbl8i	Acosta should sue the president, and Americans should shun Sanders	politics
9utepm	First exit polls show 55 percent disapprove of Trump	politics
9v1lzl	Trump Vows ‘War-Like Posture’ If Democrats Investigate Him	politics
9notl8	Tapper: Trump harder on Taylor Swift than Saudis	politics
9vvt22	Churchill's grandson slams Trump for skipping cemetery visit because of weather	politics
9v9b5f	WH Suspends Acosta’s Press Pass On False Grounds That He Touched Intern	politics
9na1xz	It Seems Bad That the Guy Running for Governor in Georgia Is Also In Charge of Who Gets to Vote in Georgia	politics
9j78mj	It's Difficult to Overstate How Unhinged, and Legitimately Scary, That Trump Presser Was	politics
9t9uqw	5,000 . . . 15,000 . . . Do I hear 25,000 troops for a useless border exercise?	politics
9da36m	I Am Part of the Resistance Inside the Trump Administration	politics
9rlann	Trump blames 'bomb stuff' for slowing GOP momentum in midterms	politics
9vhdrb	Michelle Obama: 'I'd never forgive' Trump for 'birther' conspiracy	politics
9vdkq3	Man arrested for threatening to kill CNN reporter as Trump continues attacking network	politics
9vs0un	Beto O’Rourke should run for Senate in 2020. He could win.	politics
9v65tk	"Clear Attack on the First Amendment": Trump's Authoritarianism Denounced for Stripping Press Credentials From CNN's Jim Acosta	politics
9r5qj1	President Trump Addresses Bomb Threat Saying the Media Must 'Stop the Endless Hostility'	politics
9ivipc	President Trump Is Literally the Laughingstock of the World	politics
9qi5ex	Obama: When You Hear Economy's Improving 'Remember Who Started It'	politics
9vw0pk	‘Real low energy’: Critics pile on after Trump cancels visit to U.S. military cemetery outside Paris	politics
9vp2cq	Michael Avenatti Calls for Donald Trump’s ‘Immediate Indictment’ As Former Ethics Chief Says There’s Evidence He Committed Felony	politics
9vnsa7	‘He’s a F*&ing Fool’: Justice Department Officials Trash Matt Whitaker, Their New Boss	politics
9tyh9w	CNN Fires Back at Donald Trump Jr.: We Didn’t Run Your Dad’s Ad Because it’s Racist	politics
9u2z9o	America is on the path to permanent minority rule	politics
9mq583	Nikki Haley's resignation comes one day after an ethics watchdog requested an investigation into her acceptance of free flights on private jets	politics
9rjlr8	Trump Tweets at 3 A.M. to Rant About CNN	politics
9uyk7e	Adam Schiff is really looking forward to investigating Donald Trump	politics
9vq0q6	Sen. Blumenthal: Trump did commit a crime	politics
9se694	'Fox & Friends' Host Warns Migrants May Bring 'Diseases' Into US	politics
9sxx04	Rudy Giuliani’s Mystery Trips to Russia, Armenia and Ukraine	politics
9ugri3	The Only Responsible Choice Is a Democratic Congress	politics
9r9hpl	Bomb Sent to Robert De Niro, Latest in Wave of Explosives Sent to Trump Critics	politics
9kjxas	Jeff Flake Says Donald Trump Should Have Been Disqualified From Presidency For Questioning Obama's Birthplace	politics
9thuoq	President Trump has made 6,420 false or misleading claims over 649 days	politics
9l43pd	The news this week confirms it: Donald Trump is the worst person ever to be president	politics
9schhb	Darkness falls in America: After a week of horror, Trump refuses to admit any responsibility	politics
9u70ae	Rihanna endorses Gillum for Florida governor	politics
9ngjsf	Trump’s Not Gonna Let a Little Murder Get in the Way of His $110 Billion Arms Deal	politics
9vhry0	Michelle Obama says she will 'never forgive' Trump for putting her 'family's safety at risk'	politics
9v9ksp	Donald Trump’s Old Promise To Not Ban Reporters Comes Back To Haunt Him	politics
9vlsuu	Trump Says ‘I Don’t Know Matt Whitaker,’ the Acting Attorney General He Chose	politics
9oqquu	Support for Trump is fading among active-duty troops, new poll shows	politics
9oogjr	Trump’s Attacks on the Press Are Illegal. We’re Suing.	politics
9s2x8u	The Pittsburgh Synagogue Shooting Is the ​Inevitable Result of​ Trump’s Vile Nationalism	politics
9dw9rm	Obama: How Hard Can It Be to Say 'Nazis Are Bad'?	politics
9tmnt1	Noam Chomsky: Members of Migrant Caravan Are Fleeing from Misery & Horrors Created by the U.S.	politics
9v24w0	CNN fires back at Trump over Acosta attacks, calls treatment of press 'disturbingly un-American'	politics
9sig5c	Sarah Huckabee Sanders Scolds Bomb Threat Victims For Criticizing Trump	politics
9og3wy	Elizabeth Warren Mocks Donald Trump's Memory, Mental Capacity Over $1M Charity Pledge Denial	politics
9s7yht	Trump: I'll 'pass' on calling Clinton, Obama after pipe bomb arrest	politics
9vl8z2	Trump World didn’t realize the acting AG would be seen as a ‘crackpot’	politics
9j4tgd	Calls to Impeach Brett Kavanaugh from His Federal Judgeship Intensify	politics
9hsdj6	Rosenstein Suggested He Secretly Record Trump and Discussed 25th Amendment	politics
9goz6m	Megathread: Trump Orders Justice Dept. To Declassify Russia-Related Material	politics
9kmykn	White House Edits Trump Insult to Reporter Out of Official Transcript	politics
9ocjl5	If You’re Not Scared About Fascism in the U.S., You Should Be	politics
9nc64a	McConnell urges Dems not to investigate Trump after midterms	politics
9r8hjv	Republicans are rigging elections to win. They're anti-voter and anti-democracy.	politics
9v1w99	Trump Says He Won’t Turn Over His Tax Returns. It’s Not Up To Him Anymore.	politics
9tkwzy	The President* Is Rooting for a Bloodbath	politics
9v5htj	White House suspends press pass of CNN’s Jim Acosta after testy exchange with Trump	politics
9me9e4	Dr. Ford 'horrified' by President Trump mocking her on campaign trail	politics
9ry5kl	Trump Didn’t Pull the Trigger in Pittsburgh, but He Certainly Prepped the Shooter	politics
9pet2b	Beto O'Rourke on impeachment: 'There is enough there to proceed'	politics
9tknv1	Donald Trump didn't tell the truth 83 times in 1 day	politics
9mfnpu	Mitch McConnell got called out for his Supreme Court hypocrisy on two different Sunday shows	politics
9tofo6	Judge Orders Trump to Turn Over Details of His Hotel Business	politics
9itrwt	The World Just Laughed at Donald Trump	politics
9on33o	Trump responds to Elizabeth Warren DNA test by repeating racial slur	politics
9mhpnz	The President Just Turned Around and Called Dr. Christine Blasey Ford's Story a Democratic 'Hoax'	politics
9v9ev3	Acting AG Matt Whitaker said there's a legal way to fire Mueller	politics
9omhb6	Trump joins Saudi Arabia’s Khashoggi coverup	politics
9tyad2	Pittsburgh rabbi told Trump that hate speech led to synagogue massacre	politics
9vl0ov	Arnold Schwarzenegger’s War on Gerrymandering Is Just Beginning	politics
9h9wyx	Trump Ordered the Release of Sensitive Intelligence at Sean Hannity’s Request	politics
9n0mxj	FBI Director Wray Confirms That White House Limited Kavanaugh Probe	politics
9u78mv	Donald Trump is lying 30 times a day on average as the Midterms approach, fact-checker says	politics
9t8knk	Trump absurdly suggests Soros is funding migrant caravan	politics
9hor5c	Psychiatrist Bandy Lee: Trump is getting worse; “I suspect he is unable to tolerate reality”	politics
9rjy7p	Donald Trump invites Vladimir Putin to Washington	politics
9vz1uf	Trump Threatens to Withhold Funds for California Wildfires; Professional Firefighters President Calls Threat ‘Ill-Informed’	politics
9ozbg7	Audio reveals details of Jamal Khashoggi's torture, decapitation: report	politics
9t20fa	After the midterms, it’ll be Mueller Time	politics
9t552q	The Obamas Acquire Rights to Book Chronicling the Chaos of the Trump Administration	politics
9ooy30	Stormy Daniels Mocks Trump Over ‘Horseface’ Tweet: Perhaps He’s Into ‘Bestiality’	politics
9omx6a	Donald Trump’s Vow To Rally In ‘The Biggest Stadium In Texas’ Falls 94,000 Seats Short	politics
9v50ei	Florida’s Governor, Senate, Ag Races May Be Subjected To Recount	politics
9sqpac	Speaker Ryan: ‘You cannot end birthright citizenship with an executive order’	politics
9rfqr0	Gingrich: If Democrats subpoena for Trump tax returns, we'll find out if 'Kavanaugh fight was worth it'	politics
9vmhms	Trump blasts Flake for pushing measure to protect Mueller	politics
9fgppb	New poll 47% of America says Trump should be removed from office	politics
9d559s	Furious Trump trapped by hundreds of Woodward tapes	politics
9sbnpg	9 hours of ‘Executive Time’: Trump’s unstructured days define his presidency	politics
9lahbu	If Elon Musk Violated SEC Rule With His Tweet, Donald Trump Violates The Same Rule Almost Daily	politics
9syp57	Trump calls Pittsburgh protest reports 'Fake News,' says he was 'treated so warmly'	politics
9opfkh	Stormy Daniels to Trump after 'Horseface' insult: 'Game on, Tiny'	politics
9pv1bt	Sanders admits his age is an issue in 2020	politics
9vkt2v	18 Attorneys General Call For Whitaker Recusal From Mueller Investigation	politics
9dc6bg	No, anonymous Trump official, you're not 'part of the resistance.' You're a coward	politics
9v9r6b	Bill Clinton spokesman on White House pulling Acosta's pass: 'This is an abuse of power'	politics
9uq0er	CNN's Begala on Trump's Approval: 'A Moderately Well-Trained Chimp' Would Be at 65 Percent In This Economy	politics
9l0dcc	The New York Times destroyed Trump's origin story — and the White House didn't deny it	politics
9ewdc1	House Democrats’ top priority if they win in November is a sweeping anti-corruption bill	politics
9f7zmt	A Series Of Suspicious Money Transfers Followed The Trump Tower Meeting	politics
9hphoo	Trump’s denial that 3,000 people died in Puerto Rico is an outrageous lie by a U.S. president	politics
9ttr0c	Judge denies Trump's request to block evidence collection in hotel corruption lawsuit	politics
9d1ud6	Trump suggests protesting should be illegal	politics
9w3tfk	Trump gives highest U.S. civilian honour, the Medal of Freedom, to top GOP donor	politics
9vemv0	Matthew Whitaker’s Appointment as Acting Attorney General Is Illegal	politics
9ooi5f	Trump calls Stormy Daniels 'Horseface'	politics
9pk8vt	The President of the United States Just Explicitly Endorsed Political Violence	politics
9vmsw1	Trump Threatens to Retaliate Against Reporters Who Don’t Show ‘Respect’	politics
9p0uml	Barack Obama Brutally Shuts Down People’s Lame Excuses For Not Voting	politics
9vnw0i	Michael Cohen Told Prosecutors That Donald Trump Demanded He 'Get It Done' Over Paying Off Stormy Daniels Before Election	politics
9sg97q	Soviet-Linked Spies Targeted Trump After He Married Ivana, Knowing He Wanted to Be President One Day	politics
9lrq5c	George W. Bush made several calls reassuring Collins about Kavanaugh	politics
9v2edc	CNN says Trump has 'gone too far' and is 'un-American' after heated exchange with Acosta	politics
9t1zey	TV Legend Carl Reiner, 96, Says He Wants to Live to 2020 to See Donald Trump Defeated	politics
9v6buz	Activists call for protests Thursday to protect Mueller investigation	politics
9r2oz3	Another bomb said to target Rep. Maxine Waters discovered in congressional mail office	politics
9vntaz	Democrats Had a Better Election Night Than It First Appeared	politics
9nsitm	Dave Chappelle regrets saying Trump deserves a chance	politics
9vb095	CNN accuses White House Press Secretary Sarah Sanders of sharing 'doctored' video of Jim Acosta	politics
9w0kxt	Trump was planning to fire both Sessions and Rosenstein and replace them with Whitaker back in October.	politics
9razp0	Fox Business Network's Dobbs calls bomb attacks 'fake bombs' in since-deleted tweet	politics
9suual	Trump made us do it: Kansas militia men behind mosque bomb plot blame president’s rhetoric	politics
9tl1fz	Nigerian Army Uses Trump’s Words to Justify Fatal Shooting of Rock-Throwing Protesters	politics
99y1dy	Longtime Trump Organization CFO Weisselberg granted immunity in Cohen probe: DJ, citing sources	politics
9ij9a9	Kamala Harris calls for Senate to protect Mueller probe as Rosenstein faces potential dismissal	politics
9oeta0	Dammit Joe Biden and Michelle Obama, Stop Rehabilitating George W Bush!	politics
9w33jb	Scoop: Democrats to probe Trump for targeting CNN, Bezos	politics
9dmkvj	Warren: Time to use 25th Amendment to remove Trump from office	politics
9hiajw	Michael Cohen spoke to Mueller team for hours; asked about Russia, possible collusion	politics
9t9r8t	Trump knows his conspiracy theories incite violence. He keeps pushing them anyway.	politics
9rwjh2	The Pittsburgh synagogue shooting comes amid a yearslong rise in anti-Semitism	politics
9q6ofi	Gorbachev Calls Trump’s Treaty Withdrawal ‘Not the Work of a Great Mind’	politics
9usb5s	Sean Hannity vows not to appear onstage at Trump rally, then he does	politics
9muhax	New EPA chief liked racist Obama memes, retweeted conspiracy theorist	politics
9gxu84	Donald Trump Is Actively Obstructing Justice	politics
9r3mdn	Trump decries 'political violence' after years of stoking it	politics
9rmtu1	Fox News Network Guests Help Spread "False Flag" Bomb Scare Theory	politics
9rkk75	ACLU warns that GOP voter suppression could swing Senate races in Arizona, North Dakota	politics
9snhhm	Despite calls to stay away, Trump heads to Pittsburgh after synagogue massacre	politics
9qdaqu	Some Presidential Lies Are Impeachable Offenses	politics
9qpbjv	Trump's tax cuts were a dud, so he's made up new ones that don't exist	politics
9v4jh4	“The President Is Very Depressed”: With Don Jr. Facing Possible Indictment, and Endless House Investigations Forthcoming, No Wonder Trump Is in a Bad Mood	politics
9tp03t	Jeff Flake says he's rooting for Democrat J.D. Scholton running against Steve King	politics
9twg4d	The Pentagon reportedly rejected Trump’s request to give troops extra power at the border	politics
9v79jh	Jim Acosta on being banned from the White House: ‘They are trying to shut us down’	politics
9p3pea	11 senators request Trump, sons disclose business ties with Saudi Arabia	politics
9menvr	The Supreme Court now works for the Republican Party… and this Harvard law professor agrees	politics
9iwe90	‘People actually laughed at a president’: At U.N. speech, Trump suffers the fate he always feared	politics
9oqqm3	Trump's '60 minutes' interview draws fewer viewers than Stormy Daniels's	politics
9nm6ef	Donald Trump Is a Criminal Tax Cheat	politics
9m6ve2	Colin Powell: It’s now ‘me the president’ instead of ‘we the people’	politics
9s747s	George Washington saw America as a safe place for Jews. Trump’s America isn’t.	politics
9h0sjw	Trump on Hurricane Florence: “One of the wettest we’ve ever seen, from the standpoint of water”	politics
9ta59d	Fox & Friends encourages the media to kneel before Trump	politics
9mbqem	We need to stay angry about Kavanaugh	politics
9vrvhp	NBC News: Trump likely faced indictment but for presidency	politics
9unqco	It's depressing as hell': Dem win would spell misery for Trump White House aides	politics
9u3wbg	Abrams: Trump's criticism of my qualifications is 'vapid and shallow'	politics
9ap3o9	Donald Trump is the worst president ever, 41 percent of Americans say in poll	politics
9vpnk5	Flake: Whitaker shouldn't oversee Mueller probe	politics
9ta07j	Majority of Americans support term limits for Supreme Court justices, new poll finds	politics
9rpxe4	Trump officials irked that Border Patrol union endorsed 3 Senate Democrats	politics
9r46az	When Trump Phones Friends, the Chinese Listen and Learn	politics
9khz1f	Trump mocks reporter during press conference as she asks question on Kavanaugh: 'I know you're not thinking. You never do.'	politics
9rujx0	Obama Slams Trump and Republicans: 'Robbing You Blind'	politics
9jm4k8	We have minimum ages for candidates. Trump and Congress show we need an age cap, too.	politics
9oq3m1	This is your daily reminder that all roads lead back to Donald Trump's tax returns	politics
9vl6x3	I'm the US Editor of The Independent here to answer all your midterm election questions. What do the results mean? How will they impact Donald Trump? Let's go through this week in American politics. AMA!	politics
998zhc	The President Has Been Implicated in a Criminal Conspiracy	politics
9lniam	Immigrant Girl Will Be Deported Because Adoptive Father Missed Deadline While Serving in Afghanistan	politics
9to02t	Obama: 'Out of this political darkness, I see a great awakening' – video	politics
9pbb0r	Democrats: Trump intervened personally to stop FBI move	politics
9guqte	The Supreme Court Needs Term Limits	politics
