9vmqw4	Donald Trump Played Central Role in Hush Payoffs to Stormy Daniels and Karen McDougal	politics
9uq8jc	Majority says Election Day should be a federal holiday, poll finds	politics
9vowol	Acting attorney general Matthew Whitaker once said jews, muslims and atheists should not be federal judges	politics
9un69k	Federal Judge Allows North Dakota Republicans to Block Native Americans From Voting	politics
9vunoh	Trump threatens to pull California federal funding over wildfires	politics
9tygbb	Trump Jr. griped that CNN didn’t run his dad’s commercial. ‘This ad is racist,’ the network replied.	politics
9t2ji5	Federal judges order Ohio to allow purged voters back in	politics
9osr5g	Report: If Not for Republican Policies, the Federal Government Would Be Running a Surplus	politics
9qe7nh	Democrats plan to ban LGBT discrimination across all 50 states if they win in November	politics
9uzzr3	Midterms 2018: Voters Ask a Federal Judge to Bar Brian Kemp from Counting Ballots in Georgia	politics
9nu3nf	Kushner Likely Paid No Federal Income Taxes for Years, Documents Show	politics
9qellf	Shocking turnout for first day of early voting in Houston	politics
9vhbsp	Federal Judge Orders Georgia to Reveal Tally of Provisional Ballots	politics
9sr2pd	I'm Old Enough to Remember When a President Moving Troops Into Texas Was a Sign of the Apocalypse	politics
9kropx	Brett Kavanaugh Slapped With Two Official Ethics Complaints in Merrick Garland's Jurisdiction	politics
9s7e7h	Will Ferrell Seen Knocking On Doors In Georgia While Campaigning For Stacey Abrams	politics
9j4tgd	Calls to Impeach Brett Kavanaugh from His Federal Judgeship Intensify	politics
9u5x3f	Mueller could soon roar back into the news	politics
9uudyi	NAACP president: 'I wish we could bring criminal charges' against Brian Kemp over voting issues	politics
9ue51g	Trump’s DOJ Just Admitted under Oath That Citizenship Question ‘Not Necessary’	politics
9m2h4h	Brian Kemp's office to be sued for purging 700,000 voters from Georgia rolls	politics
9fryl8	Ex-Trump campaign chief Paul Manafort agrees to plead guilty in deal with special counsel Robert Mueller	politics
9njxlv	Republican pair apparently pose as communists to make Democratic donation	politics
9p3cv1	Biden says “absolutely, positively, without question” voter suppression is ongoing	politics
9uu12a	Judge Orders Extended Hours At 9 Polling Places In Harris County, Texas	politics
9opany	McConnell Blames Entitlements, Not GOP, for Rising Deficits	politics
9vyiyo	Top California firefighters exec rips Trump's comments as 'ill-informed, ill-timed and demeaning'	politics
995mww	Megathread: Trump's former lawyer Michael Cohen reaches tentative plea deal with federal prosecutors	politics
9qgs2x	Rep. John Lewis: 'I have been beaten, my skull fractured' for right to vote	politics
9hgsgj	Trump admin moves $260M from cancer research, HIV/AIDS and other programs to cover custody of immigrant children costs	politics
9ey56g	Federal deficit soars 32 percent to $895B	politics
9u8pd3	Trump Models U.S. Economy on Kansas. That’s a Mistake	politics
9jxljr	More Brett Kavanaugh Classmates Are Saying He Lied to Congress	politics
9oyece	There Are More Kavanaughs and Scalias Pouring Into the Federal Courts By the Day	politics
9nekl3	The Trump Administration has separated 8,000 families, violated international law, report says	politics
9az4zx	Trump’s economic adviser: ‘We’re taking a look’ at whether Google searches should be regulated	politics
9p1n0e	Trump Is Planning A New Rule To Let Federal Contractors Fire Employees For Religious Reasons	politics
9qp08y	With Kavanaugh Aboard, Supreme Court Shields Wilbur Ross From Testifying Under Oath About How He Lied Under Oath	politics
9rcgsq	Federal Judge: Unconstitutional for Trump to keep funds from sanctuary cities Portland, Seattle	politics
9u40c1	‘Desperate Attempt’: Abrams Slams Kemp’s Office’s Last-Minute Probe Into GA Dems	politics
9k5m8k	Young people sue federal government over inaction on climate change	politics
9hiajw	Michael Cohen spoke to Mueller team for hours; asked about Russia, possible collusion	politics
9r4evg	$779 billion deficit has the Republican Party stamped all over it	politics
99y1dy	Longtime Trump Organization CFO Weisselberg granted immunity in Cohen probe: DJ, citing sources	politics
9vi28g	Keystone XL Pipeline blocked by federal judge in major blow to Trump administration	politics
9r1d5i	Wife of Supreme Court justice spreads fake news about the migrant caravan	politics
9menvr	The Supreme Court now works for the Republican Party… and this Harvard law professor agrees	politics
9t18ew	Federal grand jury indicts Robert Bowers on 44 counts, including hate crimes, in synagogue shooting	politics
9to96d	Pentagon rejected request for troops to act as emergency law enforcement at border	politics
9bppxb	'Absolutely Repulsive': After $1.5 Trillion Tax Giveaway to the Rich, Trump Cancels Modest Pay Raise for Federal Workers	politics
9guqte	The Supreme Court Needs Term Limits	politics
9bll5m	Trump Cancels Pay Raises for Federal employees	politics
9orfdv	Voter suppression efforts are increasing across America. It's time for a new Voting Rights Act.	politics
9qz3wp	Study: Residents With Lower Incomes Pay a Higher Effective Tax Rate	politics
9mp0fk	Robert Mueller ready if Trump pardon power increases	politics
9erzx6	Bombs Away: Trump Has the I.Q. of an Inbred Tanning Bed, Says a Liberated Gary Cohn	politics
9l8qo5	Trump sister, a Federal Judge, implicated in alleged Trump tax scheme	politics
9rv619	Republicans in U.S. House Vote for a Ban on Bans of Pesticides	politics
9lwxbv	Impeaching a Supreme Court Justice, Explained	politics
9u3cln	Almost Half the Top Jobs in Trump's State Department are Still Empty	politics
9v1903	Two Republicans Under Federal Indictment Were Re-Elected Last Night	politics
99gi04	Donald Trump Just Admitted to a Federal Crime in 'Fox & Friends' Interview	politics
9h06y4	Ford wants FBI investigation before testifying	politics
9vml21	Fmr Obama DOJ Official: The List of People Who Can Sue Over ‘Fake Attorney General’ Appointment Is ‘Endless’	politics
9vxl5t	Trump responds to worst fires in California’s history by threatening to withhold federal aid	politics
9usdpg	Broward Voters: Security Guards Block Access to Polling Station inside a Gated Community	politics
9p9mii	Facebook co-founder wants to repeal Trump tax cuts to pay for a $500 per month basic worker income	politics
9rm4ql	General Motors CEO: We call for federal electric and zero-emission vehicle policies	politics
9utfxw	Group asks court to block Brian Kemp from overseeing Georgia governor race	politics
9v6c7t	Trump is in big trouble now that Democrats control the House — and he knows it	politics
9kv8op	There’s Nothing Like Seeing a Headline About the President Inheriting a Fortune via Fraud and Knowing He’ll Definitely Get Away With It	politics
9ne7qm	'Smoking Gun': White House Finally Admits Bannon and Kobach Were Racist Minds Behind Scheme to Rig 2020 Census	politics
9ttq8m	Alleged Russian agent Maria Butina ordered to appear in court in December	politics
9vti8w	Trump threatens to pull federal funding for California wildfires over 'gross mismanagement'	politics
99rcnn	Senate rejects Paul's effort to strip Planned Parenthood of federal funding	politics
9gnpvf	Attorney Sent Letter to Chuck Grassley and Dianne Feinstein Claiming Federal Court Employees Willing to Speak About Brett Kavanaugh	politics
9t9ngh	Judge Napolitano Teaches Basic Civics to Desperate ‘Fox & Friends’ Hosts	politics
9t0t4a	I’m Larry Lessig of Harvard Law School. I'm here to answer questions about the Equal Citizens lawsuits, my new book and podcast, or the state of democracy in America. AMA!	politics
9q9fqs	Does this GOP candidate actually want to ‘abolish’ the Department of Education?	politics
9vnjmz	What the Bombshell Report on Stormy Daniels, Karen McDougal Payoffs Means for Trump Legally	politics
9kvmvz	Anthony Kennedy Says He’s Worried About the “Death and Decline of Democracy.” That’s Rich.	politics
9vzi8z	Firefighters slam Trump for 'shameful attack' about California fires	politics
9uplig	Federal judge blasts Fish and Wildlife Service, says endangered wolves cannot be shot	politics
9mvz41	Attorney General Underwood Urges Federal Action To Stop Illegal Robocalls And Spoofing Plaguing Consumers In New York And Across The Country	politics
9nuqk2	Jared Kushner reportedly dodged paying income taxes for years	politics
9v59pq	Whittaker was part of firm accused of massive scam by feds	politics
9vehyg	Democrats got millions more votes – so how did Republicans win the Senate?	politics
9ui4gy	'Instilling Fear in the 11th Hour': Experts Warn Trump DOJ Poll Monitors Being Sent to Intimidate Voters, Not Protect Them	politics
9vxk2o	Trump’s Acting Attorney General of the Country Suggested He “Believes” in States’ Right to Nullify Federal Laws	politics
9sv0vj	Woman approached in plot to frame Mueller speaks out	politics
9rmjt6	Low-Tax States Are Often High-Tax for the Poor	politics
91u1nr	White House May Have Broken Federal Law by Doctoring Trump-Putin Video	politics
9t38ix	Trump denies he’s already in a Mueller subpoena fight	politics
9llsua	Brett Kavanaugh Has Been Unmasked As A Partisan Zealot — Confirming Him Would Do Lasting Damage To The Court	politics
9f6xsn	FEMA confirms millions of water bottles for hurricane relief were left at Puerto Rico airport	politics
9vuhje	Deployed Inside the United States: The Military Waits for the Migrant Caravan	politics
9snhha	Trump's claims of 'voter fraud' are to deny upcoming Democrats win, Krugman warns	politics
9o1o1y	Planned Parenthood launches its largest voter contact campaign for midterm election	politics
9no46n	Supreme Court Enables Mass Disenfranchisement of North Dakota’s Native Americans	politics
9gale5	Puerto Rico governor: 'We need to solve the century-old problem of colonialism'	politics
9w4924	Trump blames deadly California wildfires on 'gross mismanagement of the forests,' but the federal government oversees 40% of them	politics
9u4a9w	Stacey Abrams: Kemp investigation is desperate	politics
9un7t3	Republicans attack Jewish candidates across the U.S. with an age-old caricature: Fistfuls of cash	politics
9j5opy	A Supreme Court Case Could Liberate Trump to Pardon His Associates	politics
9utn9q	With Broken Machines and Hours-Long Waits Stopping Voters From Casting Ballots, Majority Says, "Make Election Day a Federal Holiday"	politics
923v0g	Trump Org. CFO called to grand jury to testify: WSJ	politics
96yhua	Trump-appointed judge upholds special counsel Mueller's authority	politics
9vbl1o	Go Ahead. Tell Me This Is Normal.	politics
9vavae	Matt Whitaker Once Prosecuted Iowa’s First Gay Senator	politics
9e7n8l	David Brock: I knew Brett Kavanaugh during his years as a Republican operative. Don't let him sit on the Supreme Court.	politics
8zc6ap	Anderson Cooper: Trump-Putin presser was "one of the most disgraceful performances by an American president"	politics
9fkdck	Feinstein Statement on Kavanaugh	politics
9opcet	McConnell calls deficit very disturbing blames federal spending, dismisses Criticism of tax cut	politics
9q5yqc	Twitter Agog At Trump Whopper That Californians Are 'Rioting' Over Sanctuary Cities	politics
9v2ezk	Watch: Donald Trump tells Japanese reporter to "say hello to Shinzo, I'm sure he's happy about tariffs on his cars"	politics
9guxbe	Hirono: Dems Could Keep SCOTUS Seat Vacant For Two Years	politics
9tsy7o	Trump official picks bad time to oppose minimum wage out loud	politics
9rsir4	'He's so openly racist': why does Iowa keep electing Steve King to congress?	politics
9imvtz	Kavanaugh isn’t entitled to a Supreme Court seat, just as men aren’t entitled to sex	politics
9mg424	Kavanaugh’s First Vote Could Help Trump Rig the 2020 Census	politics
9qrokv	Trump falsely accuses Puerto Rico leaders of trying to use hurricane relief to pay off debts	politics
9p3v9b	McGahn, a Soldier for Trump and a Witness Against Him, Departs White House	politics
9r3ndn	A Federal Judge Has Blocked Georgia From Throwing Out Absentee Ballots With Signature Issues	politics
9vzz9h	Firefighter groups: Trump's California wildfire tweet was 'shameful' and 'ill-informed'	politics
9pargd	Gary Cohn: President Trump shouldn't comment on independent agencies like the Fed	politics
9blweg	Trump cancels pay raise due federal workers in January	politics
9gvo9q	Trump's FEMA chief reportedly facing possible criminal probe	politics
96xgr4	Alexandria Ocasio-Cortez: Why does GOP fund 'unlimited war' but not Medicare program?	politics
9vodcp	Chinese-owned pork producer is getting U.S. bailout money to protect it from China's tariffs	politics
9nupen	Jared Kushner Paid Little To No Federal Income Tax For Years, New York Times Reports	politics
99sw9z	The Trump Organization's finances are about to go under the microscope with federal prosecutors	politics
9gwg4i	Trump: FBI should not be involved further on Kavanaugh	politics
9f7z0k	Planned Parenthood launches six-figure ad buy against Collins	politics
9v6eiy	California Votes for Year-Round Daylight Saving	politics
9gz0cv	Political nonprofits must now name many of their donors under federal court ruling after Supreme Court declines to intervene	politics
9i79j4	Lawsuit: FCC Shielding Evidence Of Suspected Russian Role In Ending Net Neutrality	politics
9vw8ba	Trump threatens to pull federal funds for Calif. wildfires over forest 'mismanagement'	politics
9uzg8p	Democrats just won the House. Now they're going to drown Trump in investigations.	politics
9s5906	Steve Schmidt: We've Arrived At This Dark Hour Because Of Donald Trump	politics
9w0ko7	Firefighters' union criticizes Trump over California fire comments	politics
9b9sx3	Trump says White House counsel Don McGahn will leave in the fall	politics
9pee7z	Poll: Overwhelmingly, Florida voters want to expand Medicaid coverage	politics
9vavh9	Rigging the vote: how the American right is on the way to permanent minority rule	politics
9h4jfz	‘Red-tide Rick has got to go’: Protesters run Florida governor out of campaign rally	politics
93dorr	Trump administration must stop giving psychotropic drugs to migrant children without consent, judge rules	politics
9fikgh	Audio Reveals Potentially Illegal Coordination Between NRA and Montana Senate Hopeful Matt Rosendale	politics
9vvo8z	Liberals were concerned about Jeff Sessions’s impact on civil rights. He lived up to their fears.	politics
9kqoqd	Georgia groups filing federal suit against Secretary of State's office for purging voters	politics
9npx26	'We’ve never seen anything like this': GOP overwhelmed by Democratic cash	politics
99ji87	Trump says he's considering pardon for Manafort: Fox News reporter	politics
8rc2u3	Megathread: Paul Manafort ordered to jail after witness-tampering charges	politics
9t00zy	Montana’s Matt Rosendale supports plans that don’t cover pre-existing conditions	politics
9h9p40	The FBI did investigate Anita Hill's accusation, and it took 3 days	politics
9minve	Poll: Majority oppose Kavanaugh's confirmation to Supreme Court	politics
9viyqs	Trump administration can't end Obama-era protections for 'dreamers,' federal appeals court rules	politics
9vt4gp	Trump criticizes California fire management as 'so poor' in tweet	politics
9w5d3o	I Was the Subject of a Political 'Witch Hunt.' Matt Whitaker Directed It.	politics
9j5ssk	Rush to Install Kavanaugh to Save Trump from ‘Dual Sovereignty’ Laws?	politics
9ll04a	Texas rejects 2,400 online voter registrations as Oct. 9 deadline looms	politics
9twwq7	U.S. military deployment to southern border could cost $200 million	politics
9qkz4b	Obama in Nevada: ‘Profoundly dangerous’ not to vote in midterms	politics
9ilw44	Brett Kavanaugh: third woman expected to make accusations of sexual misconduct | US news	politics
9lrplh	The Supreme Court Is Headed Back to the 19th Century	politics
9jofm9	In Plain Terms, Judge Brett Kavanaugh Lies About Everything	politics
9vt4zk	Trump threatens to withhold federal payments	politics
9qyl18	Georgia election fight shows that black voter suppression, a southern tradition, still flourishes	politics
9mog5p	FEMA is putting Puerto Rico generators in storage instead of leaving them in communities where they are still needed	politics
9gm0ye	Manafort went ‘above and beyond’ with plea deal, says ex-federal prosecutor	politics
9fh53k	Americans Aren’t Practicing Democracy Anymore	politics
9vgoat	Federal judges say Maryland's 6th congressional district is unconstitutional; map must be redrawn for 2020	politics
9vxmbb	Trump Blames California Fires on ‘Mismanagement’ as Death Toll Climbs	politics
9sotow	‘Happy’ was played at a Trump event after the Pittsburgh massacre. Now Pharrell is threatening to sue him.	politics
99dpm8	New York Prosecutors Can Go After Trump Now, Even If Mueller Won’t	politics
9kxxvv	Federal inspectors find nooses, ‘serious violations’ at ICE facility in California	politics
9bt6a3	Trump confirmed that his administration may try a legally dubious maneuver to create a $100 billion tax cut that overwhelmingly benefits the wealthy	politics
9vw0b7	State elections observers have seen no evidence of criminal activity in Broward County	politics
9vytzp	President Trump Threatens to Pull Federal Funding Over Deadly California Wildfires	politics
9bwpys	Puerto Rico is asking for statehood. Congress should listen.	politics
9agq7p	Senator Warren on weed legalization: 'The federal government should just back off'	politics
9ooskx	Madison Never Envisioned Minority Rule - The Framers worried about absolute rule by majorities. But they never would’ve imagined the opposite.	politics
9fhvpa	Trump denies reality of nearly 3,000 dead Americans	politics
9ed5dd	Roy Moore drops lawsuit related to U.S. Senate race	politics
9dl4z6	Atlanta Mayor orders city to end relationship with ICE, remove all detainees from city jail	politics
9t32lb	A former federal prosecutor thinks Mueller's quiet period before the midterms may not have been so quiet after all	politics
9k7ra4	A record 12,800 migrant children are in federal custody, many living in tent cities.	politics
9jo1qf	This was worse than what the Senate did to Anita Hill	politics
9q739k	Against a Federal Registry of Genitals	politics
9tyg1v	Judge allows North Dakota Republicans to stop some Native Americans from voting	politics
9tn6zr	A Federal Court Just Ruled That Thousands of Eligible Voters in Georgia Must Be Allowed to Vote	politics
9o5hqb	No State Has Ever Enacted a Carbon Tax. Washington Voters Might Just Do It Anyway.	politics
9h1nlj	Laws to suppress black vote in U.S. are being drafted with 'horrific efficiency,' says author	politics
9sd8ej	U.S. Supreme Court turns away Pennsylvania electoral map dispute	politics
9mhpor	We have 12 years left to act on climate change, UN warns	politics
9vfy1m	Republican Judge No-Shows Work After Losing Election, Freeing Defendants	politics
95mhqu	Federal deficit jumps 20 percent after tax cuts, spending bill	politics
9tf6pz	White House concerned Interior Secretary Ryan Zinke violated federal rules	politics
91ws31	When Paul Ryan leaves government, the federal deficit will be $1.2 trillion higher than when he arrived	politics
9idbmw	Senate Democrats reportedly investigating second sexual misconduct allegation against Brett Kavanaugh	politics
935q3g	Koch-Funded Hit Piece Backfires: Shows Medicare for All Would Save $300 Billion Over Ten Years While Covering Everybody	politics
95shav	Alexandria Ocasio-Cortez questions why US pays for 'unlimited war' but not Medicare-for-all	politics
9mhq4g	Pledging to Unseat Collins, Mainers Challenge Senator's "Infuriating and Completely False" Narrative on Response to Kavanaugh Vote	politics
9b7fu4	Federal Judge demands Sec. of State Kemp explain why Ga. can't switch to paper ballots	politics
9hj5vc	Dems Vow to Probe 'Why the FBI Stood Down' on Kavanaugh	politics
9tau87	President Trump’s top economic adviser: ‘A federal minimum wage is a terrible idea. A terrible idea.’	politics
9j5hx4	Gamble v. United States	politics
91hvrz	Mueller plans to call IRS, FBI, FinCen witnesses at Manafort trial	politics
9n58dd	The ocean is brown, the crabs are dead and the smell is unbearable. Welcome to Florida	politics
9t88nt	Pot Is Now Legal In Canada. But Admitting To Using It Can Get You Banned From The U.S.	politics
9kkjtc	Kavanaugh should be replaced	politics
96e35u	Parents, who are both U.S. citizens, fighting to stop legally adopted 4-year-old daughter from being deported	politics
9kbmav	The Trump administration is suing California to quash its new net neutrality law	politics
9tmpxy	They Are Coming for the Jews	politics
9vff0g	Acting Attorney General Matthew Whitaker has ties to company Federal Trade Commission called 'a scam'	politics
9v54n3	Steve Stockman, former Texas congressman, sentenced to 10 years in federal prison	politics
9op3vh	Indicted House candidates Collins, Hunter experience steep drop-off in contributions	politics
9fac1s	Poll: 80 percent of Puerto Ricans give Trump negative rating on hurricane response	politics
9ozy52	The deficit is rising, so Republicans want to cut Social Security and Medicare	politics
8qsuqc	Ex-Trump lawyer Cohen likely to cooperate as his attorneys leave case: Sources	politics
9r4g13	4 Members of Violent White Supremacist Group Face Riot Charges, Federal Authorities Say — ProPublica	politics
9cvf66	Voters want a check on this lawless, raging president. This new poll confirms it.	politics
9nku13	Washington State Laughs At Federal Attack On State Net Neutrality Laws	politics
9qjs2m	Supreme Court Halts Deposition Of Commerce Secretary In Challenge To Census Citizenship Question	politics
9oqtcm	New York Attorney General Expands Inquiry Into Net Neutrality Comments	politics
9aabt8	Judge strikes down Trump executive orders in huge win for federal unions	politics
9pbeq9	Trump voters think men are more discriminated against than LGBTQ people	politics
9lydtx	Clarence Thomas Groping Accuser Flew to D.C. to Ask Murkowski to Block Kavanaugh	politics
9vddal	Trump’s New A.G. Worked for Scam Firm That Threatened Victims with Krav Maga–Style Beatdowns	politics
9unenz	Maine Election Day Discussion Thread	politics
9nucwh	USA Today Publishes Fact Check Of 'Misleading' Trump Op-Ed	politics
9rbrpo	Why Mueller Could be Forced to Indict President Trump	politics
9c2b3y	Trump didn’t do ‘a fantastic job’ in Puerto Rico. Ask the loved ones of 2,975 dead	politics
9ogebr	US budget deficit hits highest level in 6 years	politics
9u3twi	GA Sec. of State's office launching investigation after alleged failed hacking attempt of voter registration system	politics
9kg4e4	Trump Administration Sues California Over Net Neutrality Law	politics
9pdmpu	People Are Really Upset About Conservative Group’s ‘Secret’ Training of Future Law Clerks for Federal Judges	politics
9vqgvi	A front-row seat to voter suppression in Georgia	politics
9g9qwb	Ten Years After The Financial Crisis, The Contagion Has Spread To Democracy Itself	politics
9h7hgf	Christine Blasey Ford Wants The Same Thing Anita Hill Got, An F.B.I. Investigation Into Her Claims	politics
9panis	Trump blames wildfires on California forest policy, threatens to withhold funds from state	politics
9fj74n	'Mr. President. SHUT UP': Florida Republicans pan Trump's Puerto Rico conspiracy	politics
9m3u5f	Rule Breaking Worked	politics
9nwsii	Jared Kushner, President Donald Trump's son-in-law, paid little to no federal income taxes from 2009 to 2016, according to a report from The New York Times.	politics
9a12nc	Aides expect Trump to go rogue on Manafort pardon	politics
9qr1io	CREW files Hatch Act complaint against Kellyanne Conway	politics
9pvqyj	10,000 Missouri voters received Republican mailers with false voting information	politics
9n4stu	Chief Justice Roberts asks federal judges to handle Kavanaugh ethics complaints	politics
9r30xq	Unsealed Documents Show ICE Misled A Federal Court About Why Iraqi Detainees Couldn’t Be Sent Home	politics
