9vu2hr	Senate Democrats consider legal action against Trump's Whitaker appointment	politics
9p17il	Up to 9.5 million net neutrality comments were made with stolen identities	politics
9uyk7e	Adam Schiff is really looking forward to investigating Donald Trump	politics
9pv6n8	Texas May Seem Like a Red State Because It’s a Gerrymandered One	politics
9ur455	29-year-old Alexandria Ocasio-Cortez is poised to become the youngest woman in Congress	politics
9uv8vr	Democrat Alexandria Ocasio-Cortez officially becomes the youngest woman elected to Congress	politics
9uzgof	Trump warns Dems over potential White House investigations: ‘Two can play at that game!’	politics
9lhdu1	The FBI's investigation seemed set up to clear Brett Kavanaugh. This is what corrupt nations do	politics
9h5wda	Opposition to Kavanaugh grows, support at historic low: Reuters/Ipsos poll	politics
9vczn0	Ocasio-Cortez needs to wait for lawmaker salary to kick in to afford DC apartment	politics
9t20fa	After the midterms, it’ll be Mueller Time	politics
9qdaqu	Some Presidential Lies Are Impeachable Offenses	politics
9w33jb	Scoop: Democrats to probe Trump for targeting CNN, Bezos	politics
9vju2d	Nancy Pelosi plans to push for revival of climate change committee in new Congress	politics
9uo2e9	James Comey: Let’s Vote to Uphold Our Nation’s Values	politics
9czsos	Ex-Trump Lawyer Told Mueller Trump is too Dumb to Testify	politics
9ixevr	Newly Uncovered Memo Suggests Kirstjen Nielsen Lied to Congress About Family Separation	politics
9qpbjv	Trump's tax cuts were a dud, so he's made up new ones that don't exist	politics
9p9nwu	If Trump helps cover up Khashoggi’s murder, that will also come out	politics
9jm4k8	We have minimum ages for candidates. Trump and Congress show we need an age cap, too.	politics
9v1ujd	Trump Blows Up at CNN, NBC Reporters During Midterm Presser: ‘That’s Enough!’	politics
9orfdv	Voter suppression efforts are increasing across America. It's time for a new Voting Rights Act.	politics
9u0xal	Conservatives want to bypass usual way to amend Constitution	politics
9mp0fk	Robert Mueller ready if Trump pardon power increases	politics
9nyyil	We need tax police – and they should go after the likes of Donald Trump	politics
9uw110	Trump will awaken to unfriendly Congress, and House Dems poised to investigate	politics
9bll5m	Trump Cancels Pay Raises for Federal employees	politics
9vqi1u	If Trump and Whitaker Undermine the Mueller Investigation, That’s an Impeachable Offense	politics
9v623y	Republicans won 50.3 percent of NC’s votes for Congress. They took 10 of 13 seats.	politics
9fc99p	Betsy DeVos Loses Student Loan Lawsuit Brought by 19 States	politics
9isrg0	Murkowski: FBI investigation into Kavanaugh would ‘clear up all the questions’	politics
9uuo3i	Michigan’s Rashida Tlaib Is The First Muslim Woman Elected To Congress	politics
9t3uka	Identity politics are stronger on the right than the left	politics
9bcp45	Beyer On IG Revelations Of Trump’s Involvement In FBI Headquarters Decision: “This Looks Like A Cover-Up”	politics
9r9egv	Voters Need to Elect a Congress That Will Hold the Executive Branch Accountable	politics
9vel1y	Flake, Coons push for vote on Mueller protection bill	politics
9p7nzu	Wilbur Ross Lied to Congress About the GOP’s Plot to Rig the Census. This Should Be a National Scandal.	politics
9dzfkt	Barack Obama Endorses “Medicare for All”	politics
9q50ig	Schiff suggests Trump has 'financial motives' that influence Saudi Arabia policy	politics
9vkiz9	Alexandria Ocasio-Cortez is the youngest woman ever elected to Congress—she still can't afford an apartment in D.C.	politics
9p1xxx	The President* Is in Violation of His Oath of Office	politics
9vfz0y	Democratic Party files suit over absentee ballots	politics
9veecp	Alexandria Ocasio-Cortez: New York millennial can’t afford to move to D.C. before her job in Congress starts	politics
9v1khp	Trump suggests he won’t turn over tax returns even if Democrats demand them	politics
9jmkjc	Top Catholic Magazine Rescinds Kavanaugh Endorsement	politics
9nalor	Kavanaugh Sided with Seaworld in 'Blackfish' Case	politics
9vnjmz	What the Bombshell Report on Stormy Daniels, Karen McDougal Payoffs Means for Trump Legally	politics
9dwg41	Obama Says He Hopes Trump Has Made People Realize Elections Matter	politics
9szsce	Trump's birthright citizenship threat mocked by WSJ editorial board: "Did Michael Cohen give him this legal advice?"	politics
9dt2rs	Trump dares Mueller to subpoena him	politics
9vjesx	Don’t Look Now, but the Mountain West Is Turning Blue	politics
9j3mgx	Merkley to seek injunction to stop Kavanaugh vote	politics
9uwyfx	Donald Trump's unchecked hold on power has come to an end	politics
9v227d	The US elected 7 new scientists to Congress last night, including an ocean expert, a nurse, and a biochemist. Here's the full list.	politics
9k3vbu	Thousands turn out for Willie Nelson concert supporting Beto O'Rourke	politics
9rurdq	Putin trumpets end of US world power, says Trump listens well	politics
9w3egf	Nancy Pelosi: Mueller Doesn’t Have to Indict Trump for Congress to Impeach Him	politics
9vvi64	Trump's Saturday Night Massacre is underway, but Congress can prevent a constitutional crisis	politics
9dxtcf	John Dean: If Kavanaugh's confirmed, a president who shoots someone on Fifth Avenue can't be prosecuted in office	politics
9lm2ki	Term limits for justices are the best way to fix this Supreme Court mess	politics
9s8h0y	Trump, GOP defiant amid allegations that incendiary rhetoric contributed to climate of violence	politics
91u1nr	White House May Have Broken Federal Law by Doctoring Trump-Putin Video	politics
9cwbl0	Senate Democrats Are Trying to Blow Up the Kavanaugh Hearings and It Might Be Working	politics
9f9l09	Susan Collins Is Just Getting a Taste of What Citizens United Has Done to Our Politics	politics
9njmrk	Three Plans for Saving Voters From a Right-Wing Activist Supreme Court	politics
9ro341	Twitter tells Donald Trump that if he’s lost followers it’s because they were fake	politics
9hk2gh	Brett Kavanaugh should not be welcomed back to Harvard Law unless there's an investigation, students write	politics
9ugri3	The Only Responsible Choice Is a Democratic Congress	politics
9jcbu0	Trump says he rejected a meeting with Canada that Canada says it never requested	politics
9tk33n	Congress thinks the public is way more conservative than it actually is. Deep-pocketed lobbyists are to blame, according to new research.	politics
94rfmh	Trump's Supreme Court nominee argued presidents should be shielded from all criminal probes — even questioning	politics
9vumso	VA Secretary Says He Will Continue Agency’s Controversial Experiments on Dogs	politics
9nq31h	Democrats say Secretary Wilbur Ross lied to Congress	politics
9o2m53	Trump: Jim Mattis is 'sort of a Democrat' and could leave job soon	politics
9pw53r	The Saudis and Trump insult our intelligence. Congress shouldn’t.	politics
9ldkcn	Ben Sasse Wants Your Respect While Simultaneously Voting for Kavanaugh	politics
9sjg35	Pressure building to expel Steve King from Congress	politics
9pargd	Gary Cohn: President Trump shouldn't comment on independent agencies like the Fed	politics
99e4ub	Dem senators: Kavanaugh hearing should be postponed following Cohen plea	politics
9gjgud	GOP Lawmaker Thinks Congress Should Be Subjected To Random Drug Testing Too	politics
9rdm8y	Justice Ruth Bader Ginsburg says Congress is culpable for polarizing judicial process	politics
9udcpo	This historian spent 10 years researching wartime presidents. Trump scares him the most.	politics
9uvzpp	First Native American women elected to Congress: Sharice Davids and Deb Haaland	politics
9djz9e	There is no heroism in covering for an unfit president	politics
9gvl2o	Kavanaugh’s little lies are catching up with him	politics
9takrh	Trump's Immigration Stunts Are Driving Progressive Voter Turnout	politics
9ss8ru	The White House won't rule out suspending habeas corpus over migrant caravan	politics
9s55xr	Trump wants to see the death penalty come “into vogue” again. He’s wanted that for years.	politics
9btsu5	Alexandria Ocasio-Cortez Is Being Held To A Higher Standard Than Men	politics
9vjqlj	Alexandria Ocasio-Cortez says she can’t afford DC rent before Congress salary starts	politics
9vuzys	Rep. Schiff: Trump threats won't deter us from oversight	politics
9l2icq	Corker: Trump ‘abused his authorities’ by claiming national security basis for tariffs	politics
8yo53n	Conservatives moving to impeach Rosenstein soon	politics
9ojwq4	Judge Orders Release of Watergate Documents That Could Aid Mueller in Russia Probe Report	politics
9qdzkc	Trump's Pre-Election Tax-Cut Promise Leaves GOP Leaders Baffled	politics
9rko3c	Newt Gingrich is counting on Brett Kavanaugh to protect Donald Trump from investigation.	politics
9g1h3s	Will Democrats Win the Senate in 2018? Latest Polls Suggest Republicans Face Threat of Losing Control in Midterms	politics
9jxljr	More Brett Kavanaugh Classmates Are Saying He Lied to Congress	politics
97kkfo	Trump says he can override congress on recognising Russian sovereignty over Crimea	politics
99wjow	Mueller Probe Doesn’t Need to Shut Down Before Midterms, Officials Say	politics
9bwpys	Puerto Rico is asking for statehood. Congress should listen.	politics
9quyh7	In 'Historic' Shift—and Catching Up With Voters—225 Democrats Running for Congress in 2018 Back Medicare for All	politics
9h74um	Hayden: 'Getting close' to intelligence community revolt over Trump's declassification order	politics
9rv6a8	Dayen: Cesar Sayoc’s Home Was Foreclosed on by Steve Mnuchin’s Bank, Using Dodgy Paperwork	politics
950tdd	Did Trump Just Admit to an Impeachable Offense?	politics
9sh3c6	House Judiciary Dems call for emergency hearing on domestic terrorism	politics
9aj46l	Stormy Daniels says she's willing to testify before Congress	politics
9m9oat	Cory Booker puts Kavanaugh impeachment on the table if Democrats take back Congress	politics
9gadvr	256 women won House and Senate primaries, a huge new record	politics
9va53v	Sessions’ replacement can destroy Mueller probe — without having to fire anyone	politics
97vwkx	Beto O’Rourke: Term limits can help keep politicians from turning into a--holes	politics
94evwy	The Call to Investigate Republicans for Colluding With Trump to Obstruct Justice	politics
9v7lgl	Lawrence: Democrats Win, President Donald Trump Panics	politics
9uxk8v	Mueller investigation more secure with Democrats leading House	politics
9vnbk4	Ocasio-Cortez, youngest Congresswoman ever, says she can't afford a DC apartment yet	politics
9vi0ie	Debt ceiling will be set to record high of $22 trillion, fund government to just summer	politics
9pfqs7	The Blue Wave Might Wipe Out Voter Suppression, Too	politics
9f6hpa	Poll: Midwest Abandons Trump, Fueling Democratic Advantage For Control Of Congress	politics
98jqt1	Trump renews calls for Mueller to investigate Clinton	politics
9li447	Video shows Republican Sen. Orrin Hatch waving off Kavanaugh protesters who confronted him in an elevator	politics
9h9mi8	Trump ordered the government to declassify information he apparently hasn’t read	politics
9pvcm6	DeSantis won’t disclose details of taxpayer-funded travel while in Congress	politics
9v2y8v	Trump Fires Jeff Sessions — Is Rosenstein Next in Push to End Mueller Probe?	politics
9dbw86	Donald Trump Just Committed a Fully Impeachable Offense	politics
9faufi	Democrats to delay Kavanaugh vote until next week	politics
9g9qwb	Ten Years After The Financial Crisis, The Contagion Has Spread To Democracy Itself	politics
9uv6vq	Rashida Tlaib becomes first Muslim woman elected to Congress	politics
9a12nc	Aides expect Trump to go rogue on Manafort pardon	politics
9c7kai	No self-respecting member of Congress should fear Democrats’ investigative requests	politics
9nndp4	Anderson Cooper Offered a Stunning Reminder of Where Our President's Attention Isn't	politics
8zchdx	This Was Among the Most Disgraceful Moments in the Modern History of the American Presidency	politics
9cmaw7	Rudy Giuliani On White House Blocking Release Of Full Mueller Report: ‘I’m Sure We Will’	politics
999d16	The First 2 Congressmen To Endorse Trump Have Been Indicted	politics
9rfrug	Gingrich Lets Cat Out of the Bag	politics
9vdnsj	Youngest woman ever elected to Congress can’t afford a place in D.C. since she quit job for campaign	politics
9uf5dn	The Most Important Election of Our Lives	politics
9qzizr	A Record Number of Scientists Are Running for Congress, and They Get Climate Change	politics
9g5rs4	Paul Manafort Forfeits $22 Million in New York Real Estate in Plea Deal	politics
95yi8n	Judge halts mother-daughter deportation, threatens to hold Sessions in contempt	politics
9rgh6v	Trump administration limits sharing of North Korea intelligence with Congress	politics
9pzt8j	Trump says GOP plans 'major tax cut' before midterms; Congress is out of session until Nov. 13	politics
9l2srw	Sanders to launch new plan to break up Wall Street giants, including Goldman Sachs and JP Morgan	politics
9lv1u0	Man ‘threatens to shoot members of Congress’ if Brett Kavanaugh not confirmed to Supreme Court	politics
92pk51	Trump Ready to Bomb Iran Within One Month: Australian Govt Sources	politics
9u3lae	In New Poll, Democrats Hold Lead on Which Party Should Control Congress	politics
9n356e	Kavanaugh backs Trump administration on jailing and deporting immigrants for crimes committed years earlier - Los Angeles Times	politics
9ajd09	Kavanaugh argued the president can be impeached for lies, cover-ups and refusing to testify	politics
9uzk44	Democratic House Majority Can Use Oversight Powers To Make Donald Trump’s Life Miserable	politics
97mn0v	'It should gravely worry all Americans ... about the cost of speaking out': Former CIA Director John Brennan reacts to Trump revoking his security clearance	politics
9qlglk	Trump Vows to Outspend Russia, China on Nuclear Arsenal Buildup	politics
95l6oj	Rashida Tlaib Just Won An Election That’ll Likely Make Her The First Muslim Woman In Congress	politics
9fjjmz	Dianne Feinstein to Refer Cryptic Kavanaugh Document to Department of Justice	politics
9gp3gg	US imposes new $200bn tariffs on China	politics
9jrafu	Judge: Democrats in Congress can sue Trump over emoluments	politics
9m4blf	Kerry blasts "broken" Washington: "Congress is dysfunctional because it's torn apart ideologically"	politics
9hl4tg	Top White House official eyes entitlement cuts ‘next year’	politics
9gvgwo	Trump profits off of Republican fundraising efforts at his hotel	politics
9uvizo	Democrat Sharice Davids just beat Rep. Kevin Yoder in a key Kansas House race	politics
9v31hz	Trump has a new excuse for declining to release his tax returns as Democrats prepare investigative blitz	politics
9q4cuw	GOP senator on potential additional tax cuts: 'We can't go further into debt'	politics
9t6d1j	Newly released docs show grand jury was ready to indict Nixon	politics
9vevmq	Texas Democrats’ biggest win on election night may have been the courts	politics
99zuhn	Senate Democrats: Postpone Kavanaugh hearing	politics
9r9yig	Trump preaches civility after bomb scares. But he doesn't practice it.	politics
9iybpq	Doc Shows DHS Secretary Approved Family Separation Policy	politics
9kzxch	A year after the Las Vegas shooting, Congress still hasn’t banned bump stocks	politics
8tzs7d	Trump threatens Harley-Davidson with taxes ‘like never before’ and eventual collapse	politics
97w7sl	Ajit Pai knew DDoS claim was false in January, says he couldn’t tell Congress	politics
9dpw7w	Bernstein: Congress should hold hearings on Trump's fitness for office	politics
9of25o	The President of the United States Asks ‘What’s an Ally?’	politics
9v3yp8	Good Riddance to Dana Rohrabacher, ‘Putin’s Man in Congress’	politics
9uvrdf	US midterm election results live: Democrats set to take House but Republicans hold Senate	politics
9twr14	Conservatives Aim To Bypass Congress To Amend The Constitution Next	politics
9kaig9	The White House Has Placed All Sorts of Limits on the FBI in New Kavanaugh Probe	politics
8u9za7	Neil Gorsuch rewards the people who stole him a Supreme Court seat by sticking a knife in unions	politics
9mkksi	Maine postal workers rally against plan to make post office private	politics
9llmj0	Bernie Sanders saved a woman from getting hit by a car	politics
9tnhqp	Justice lawyers fail to halt Trump financial records release	politics
99h8tz	I Was a Lawyer for Spiro Agnew. President Trump Should Consider Resigning	politics
9h3jli	Hillary Clinton: 'Uncontrollable' Trump Will 'Wholesale Fire People' After November Midterms	politics
97b47y	Ajit Pai grilled by lawmakers on why FCC spread “myth” of DDoS attack	politics
9velv8	Gov. Charlie Baker signs civics education bill	politics
99peko	Kavanaugh’s confirmation must wait	politics
9lrh3g	Brett Kavanaugh Is On Track To Be A Historically Unpopular Supreme Court Justice	politics
9k33j8	Trump’s Emolument Problem Got a Lot Worse While You Weren’t Looking	politics
9kjlei	GOP claims about FBI background checks completely unravel	politics
9uwjmz	Democrats plan to use GOP's subpoena rule to scrutinize Trump	politics
8rqmrs	Trump associate Roger Stone reveals new contact with Russian national during 2016 campaign	politics
9pr1zs	Madam president? In SC, Kamala Harris fuels speculation of a 2020 presidential run	politics
9vu7cr	Congress gains an influx of scientists as GOP science committee head leaves	politics
9mkqme	McConnell signals he would push to fill a Supreme Court vacancy in 2020 despite 2016 example	politics
9uvnug	Democrat Ayanna Pressley Wins, Becoming Massachusetts’ First Black Congresswoman	politics
9mdhx3	McConnell doesn't rule out confirming SCOTUS nominee in presidential election year	politics
9soz98	Believe Republicans When They Say They're Coming After Your Health Care	politics
9nvb85	How a Democratic House would check this erratic president	politics
993s4y	Sen. Elizabeth Warren's new reform bill would ban members of Congress from owning individual stocks	politics
9qgwa2	GOP Has Worked in Plain Sight to Rip Health Care Away From Americans	politics
92cl2j	If Cohen Is Telling the Truth, That Ought to Be Ballgame	politics
9dn2uy	Warren Calls For 25th Amendment to be Invoked Against Trump	politics
9r04ky	Fact check: Trump claims GOP is protecting people with pre-existing conditions. Evidence says otherwise.	politics
9sq5ti	President Trump's Birthright Citizenship Idea Is Part of His All-Out Midterm Strategy	politics
9vkanh	House Democrats have oversight investigation plans far beyond Russia probe	politics
9do0w5	The Anonymous Trump Op-Ed Writer Worried the 25th Amendment Could Cause a Crisis. Preventing Crisis Is Why It Exists	politics
98oecy	"A blue wave is obscuring a red exodus"	politics
9f1k1i	Democrats going to court this week over Kavanaugh documents	politics
9vb1jl	Factbox: Can the New U.S. Attorney General Shut Down the Mueller Probe?	politics
9cxfsx	Gary Cohn reportedly snatched documents off of Trump's desk to prevent him from wrecking two massive trade deals	politics
9rc90n	Top Senate Republican refers Kavanaugh accuser, lawyer Michael Avenatti to Justice Department for criminal investigation	politics
9lakrj	Brett Kavanaugh: FBI report ready, senators will read in 1-hour shifts	politics
9qqp70	Trump says the U.S. will not bail out Puerto Rico's debt with hurricane relief	politics
8ojvpk	Donald Trump Sounds Just Like the Monarch the Constitution Was Written to Thwart	politics
9m62ry	Looking at Trump's tax returns is only the first step	politics
9sk0dx	Donald Trump May Call 2018 Election 'Illegitimate' Should Democrats Take Control Of Congress, Carl Bernstein Says	politics
9tibb2	Trump Would Love to Trigger a Brawl. Don’t Let Him.	politics
9uvrao	Texas Sends First Two Latinas Veronica Escobar and Sylvia Garcia To Congress	politics
9srpn6	If Republicans keep their hold on Congress, things will get worse	politics
9v2w6k	Flashback: Trump political protection plan is replace Sessions with Mueller saboteur	politics
9rh43t	Newt Gingrich says subpoena of Trump's tax returns would prove if 'Kavanaugh fight was worth it'	politics
91b2gr	NBC/WSJ poll: Support for Roe v. Wade hits new high	politics
98b44d	Brett Kavanaugh Investigated A President, Then Voiced Concerns About Doing Just That	politics
9a2id0	Craig Unger: Trump is owned by the Russia mob	politics
9mv4y4	ICE Agents Arrested Miami Dad After They Found His Lost Wallet, Family Says	politics
9tt2i6	Trump's attack on birthright citizenship betrays his ignorance – and his weakness	politics
8zkguu	Republicans have decided to follow Trump off a cliff of treachery	politics
9sy8ek	Congress Has No Clue What Americans Want	politics
92b5e1	Russians Unsuccessfully Tried To Hack Computers Of Democratic Sen. Claire McCaskill	politics
9391br	Republicans are obstructing a fair vetting of Brett Kavanaugh	politics
9uvhs4	Sharice Davids wins Kansas House race, a gain for Democrats: NBC News projects	politics
9dolga	Five Times Brett Kavanaugh Appears to Have Lied to Congress While Under Oath	politics
9is3gn	The Democratic Dream: Defeat Kavanaugh, Win the Senate and Stop Trump Supreme Court Picks	politics
9p2j53	Rep. Steve King endorses white nationalist Canadian politician	politics
8hzk8o	Trump Has Wrecked One of the Most Successful Arms-Control Deals in Modern History	politics
9vjwzp	Matthew Whitaker has experience advising con artists. Will he help more under Trump?	politics
9l3m8k	Republican Senators Are Sick and Tired of Being Asked About Senate Business in the Senate	politics
9dz4w2	Leahy says Kavanaugh was ‘not truthful’ about Democratic documents	politics
9kcrbt	We should have an age limit for political candidates	politics
9v9kkn	“Congress Is Going to Force Transparency on This President”: House Democrats Prepare to Turn Trump’s Life Upside Down	politics
9jt895	For female Republicans, party loyalty trumps #MeToo	politics
90xl0w	As Trump Struggles With Helsinki’s Fallout, Congress Faces a New Charge: Complicity	politics
9ik9ug	Puerto Rico governor lashes out at Trump over 'disrespectful' statehood comment	politics
9uve0x	Alexandria Ocasio-Cortez Wins, Becoming Youngest Woman Ever Elected To Congress	politics
9t8hbe	Bend the Arc Against White Nationalism by Voting Steve King Out of Congress	politics
97y95m	Trump Admits He Revoked Brennan’s Security Clearance Over “Rigged Witch Hunt”	politics
8zak7f	Trump didn’t want note-taker in Putin meeting to avoid leaks	politics
8m460f	Donald Trump Jr. Lied to the Senate Judiciary Committee	politics
9sc2s8	The inconvenient truth about the US-bound migrant caravan	politics
9qko0r	Trump’s stump speech for Ted Cruz included his seemingly fake middle-class tax cut	politics
9mop64	Anti-Trump Evangelicals Are On A Nationwide Bus Tour To Flip Congress	politics
