9uuhl3	Kim Davis, clerk who refused to sign marriage licenses for gay couples, loses to Democrat	politics
6bd42j	Trump revealed highly classified information to Russian foreign minister and ambassador.	politics
7t12e6	Trump Ordered Mueller Fired, but Backed Off When White House Counsel Threatened to Quit	politics
7fpqwf	A petition calling for FCC Chairman Ajit Pai to resign is racking up huge numbers	politics
7ekkmo	The FCC’s craven net neutrality vote announcement makes no mention of the 22 million comments filed	politics
9v57rh	'A Red Line Crossed': Nationwide Protests Declared for Thursday at 5PM After Jeff Sessions Fired	politics
7eizpg	The FCC has unveiled its plan to repeal its net neutrality rules	politics
62a3kj	‘Cards Against Humanity’ Creator Just Pledged To Buy and Publish Congress’s Browser History	politics
8jxxn4	Senate Passes Bill to Save Net Neutrality	politics
5vzfba	CNN and other news organizations were blocked Friday from a White House press briefing.	politics
5p5civ	All References to Climate Change Have Been Deleted From the White House Website	politics
9s7qss	Jewish leaders tell Trump he's not welcome in Pittsburgh until he denounces white nationalism	politics
9rp138	Obama: If Republicans really cared about Clinton's emails they would be 'up in arms' over Trump's iPhone	politics
7inuet	Maloney Introduces Legislation to Save the Open Internet, Block FCC Rollback of Net Neutrality	politics
9uq8jc	Majority says Election Day should be a federal holiday, poll finds	politics
7czjz5	Cards Against Humanity buys plot of land on U.S./Mexico border to block border wall	politics
84oem1	Mueller Subpoenas Trump Organization, Demanding Documents About Russia	politics
7p0ge0	Senate bill to reverse net neutrality repeal gains 30th co-sponsor, ensuring floor vote	politics
75i7c2	Mensa offers to host IQ test for Trump and Tillerson	politics
6bkcss	Comey Memo Says Trump Asked Him to End Flynn Investigation	politics
7976xc	First charges filed in Mueller investigation	politics
7jgexr	Megathread: AP Calls Alabama Senate Special Election for Democrat Doug Jones	politics
91o8lt	Trump White House edits Putin support for Trump out of transcript and video	politics
9og7al	99.7 Percent of Unique FCC Comments Favored Net Neutrality	politics
7kmch8	“There will be a [Senate] vote” to reinstate net neutrality, Schumer says	politics
5u4qao	Trump Campaign Aides Had Repeated Contacts With Russian Intelligence	politics
5p3s9c	Man Boasts Of Sexual Assault, Later Inaugurated 45th President Of United States	politics
5so4db	Marco Rubio took almost $100,000 from Betsy Devos' family before confirming her today.	politics
7kw6gk	Democrat wins Va. House seat in recount by single vote; creating 50-50 tie in legislature	politics
8cpzr3	Michael Cohen’s Third Client is Sean Hannity	politics
78i3op	Sen. Flake, in a bombshell Senate-floor speech, 'Mr. President, I rise today to say: Enough.'	politics
9qjces	Obama: 'There's a pattern' of Republicans running the economy 'into the ground' and Democrats having to 'come back and clean things up'	politics
9nmrxh	Hi, I'm Stacey Abrams. If I win my "toss up" Georgia gubernatorial race, I'll be the first Black woman governor in America. Ask Me Anything!	politics
3b6zkw	Gay Marriage Legalized Nationwide by U.S. Supreme Court	politics
7rufvs	Dem slams Trump: I won't be lectured on military needs by a 'five-deferment draft dodger'	politics
998zhc	The President Has Been Implicated in a Criminal Conspiracy	politics
5fr5a2	Obama says marijuana should be treated like ‘cigarettes or alcohol’	politics
7dl6b9	17 women have accused Donald Trump of sexual misconduct. It’s time to revisit those stories	politics
5x74rb	Report: Mike Pence used private AOL email address to discuss Homeland Security issues	politics
90h15n	Michael Cohen Secretly Taped Trump Discussing Payment to Playboy Model	politics
4ycwv3	Justice Department says it will end use of private prisons	politics
76uylr	Explosive ‘60 Minutes’ investigation finds Congress and drug companies worked to cripple DEA’s ability to fight opioid abuse	politics
5pagq9	Petition calling for release of Donald Trump's tax returns reaches 100,000 needed for White House response	politics
5n8z88	Megathread: Intelligence report claims Russia has compromising information on Trump	politics
91u1nr	White House May Have Broken Federal Law by Doctoring Trump-Putin Video	politics
6epe74	Elon Musk Quits Trump's Advisory Councils After President Pulls US From Paris Accord	politics
5r1zzc	Sen. Bernie Sanders: Remove Stephen Bannon from National Security Council	politics
9sgmqo	Sarah Huckabee Sanders claims Donald Trump won the popular vote by "overwhelming majority," when he lost by millions	politics
7k7szt	The FCC Is Blocking a Law Enforcement Investigation Into Net Neutrality Comment Fraud	politics
9ajyz6	Trump rejected plans for a White House statement praising McCain	politics
7okl51	Donald Trump suggests he wants US law to limit free speech in wake of publication of explosive new book	politics
9vfexr	#ProtectMueller Protesters Shut Down Streets in Midtown Manhattan: “We Have to Resist”	politics
7hp3y7	Donald Trump's personal banking information handed over to Robert Mueller	politics
94sc3q	For the first time, Trump confesses that his campaign turned to Russia for help	politics
6fen8s	Support For Donald Trump's Impeachment Is Now Higher Than His Approval Rating	politics
85m1m9	Cambridge Analytica Bragged About Using Fake News, Bribes, And Ukranian Hookers to Influence Elections	politics
7fwugt	Comcast quietly drops promise not to charge tolls for Internet fast lanes	politics
9u67ke	Author Stephen King Tells Iowans to Vote Out Steve King: ‘I’m Tired of Being Confused With This Racist Dumbbell’	politics
7luyv2	Trump told friends at Mar-a-Lago 'you all just got a lot richer' after tax bill passed: report	politics
99ztji	To Force Billionaires Off Welfare, Sanders Tax Would Make Corporations Fund 100% of Public Assistance Their Low-Paid Workers Receive	politics
7y0ldo	Megathread: Office of Special Counsel Indicts 13 Russian Nationals and 3 Russian Entities for Interference in 2016 Election	politics
6fthla	EU Will Ignore White House And Work Directly With US States On Paris Agreement	politics
9mt06k	Ted Cruz declines, so challenger Beto O’Rourke gets an hour on national TV by himself	politics
6brxlw	Justice Department to appoint special counsel to take over Russia probe	politics
6a0lx5	Trump fired Sally Yates the day she offered evidence Flynn was compromised	politics
7prjm4	Trump attacks protections for immigrants from ‘shithole’ countries in Oval Office meeting	politics
80pxb5	Kushner loses access to top-secret intelligence	politics
8ogxy9	Trump: 'I have the absolute right to pardon myself'	politics
7p8ynv	Sen. Dianne Feinstein unilaterally releases Fusion GPS testimony	politics
9dw9rm	Obama: How Hard Can It Be to Say 'Nazis Are Bad'?	politics
5x0gdb	Sessions spoke twice with Russian ambassador during Trump’s presidential campaign, Justice officials say	politics
92f6q8	Donald Trump Jr says Obama never broke 2 percent GDP growth. He did. 15 times.	politics
8b1jtj	Megathread: F.B.I. Raids Office of Trump’s Longtime Lawyer Michael Cohen	politics
7bhtj7	Democrat Ralph Northam elected governor of Virginia	politics
6eqjeu	Disney CEO Bob Iger Resigns From Trump’s Advisory Council Over Paris Accord Decision	politics
6a8jsf	Megathread: FBI Director Comey fired	politics
9isuk2	Watch: Donald Trump laughed at by U.N. General Assembly for claiming his administration is greatest in history	politics
91x3qi	Megathread: Republican lawmakers introduce articles of impeachment against Deputy Attorney General Rod Rosenstein	politics
82b1xc	Reddit Rises Up Against CEO for Hiding Russian Trolls	politics
7rjd06	Fox host: You can’t blame Dems for shutdown when “you’re in charge of everything”	politics
9v9zhr	Sarah Sanders Accused Of Sharing Doctored Infowars Video To Justify Acosta Ban	politics
7ty9ot	Megathread: Trump Administration Declines to Enact New Russia Sanctions	politics
5ubnzs	Admit it: Trump is unfit to serve	politics
6hax6r	Special counsel is investigating Trump for possible obstruction of justice, officials say	politics
5y2lr8	Trump personally met with Russian ambassador during campaign	politics
6c5nv9	Trump Told Russians That Firing ‘Nut Job’ Comey Eased Pressure From Investigation	politics
9sj3tr	Pharrell Williams Sends Trump Legal Threat Letter for Playing 'Happy' After Synagogue Shooting	politics
6axjuw	Comey willing to testify, but only in public: report	politics
9qqkys	In Leaked Audio, Brian Kemp Expresses Concern Over Georgians Exercising Their Right to Vote	politics
7znzn1	Florida shooting survivor: We should call AR-15s ‘Marco Rubio’ because they’re both easy to buy	politics
9v2ov8	Megathread: Attorney General Jefferson Sessions Resigns at Request of President Donald Trump	politics
829iqt	Reddit users demand ban for notorious pro-Trump community	politics
9vmqw4	Donald Trump Played Central Role in Hush Payoffs to Stormy Daniels and Karen McDougal	politics
6wv80l	Mattis orders Pentagon to allow transgender troops to continue serving, pending study	politics
6gallr	Trump: I'm '100%' willing to testify under oath	politics
6q1sl0	US Senate healthcare repeal bill fails	politics
6aedg3	James Comey asked to testify before the Senate as a private citizen	politics
7cqez8	The Secret Correspondence Between Donald Trump Jr. and Wikileaks	politics
6al0az	FBI to continue Trump-Russia probe but will not update White House, Acting FBI Director announces	politics
8s3gwi	Document reveals Trump administration planned on separating migrant families soon after inauguration	politics
9verf3	'This Is Not a Drill': Demonstrations in Over 1,000 US Cities Against Trump's Assault on Democracy, Rule of Law	politics
6bhuo9	More Americans support Trump's impeachment than oppose it for first time, poll finds	politics
5qrh93	Megathread: Federal Court overturns President Trump's executive order regarding immigration	politics
6308yt	Donald Trump back on the golf course for the 14th time in 10 weeks	politics
75yh95	Trump sits, talks through song lowering the flag at military base amid NFL anthem controversy	politics
8sbaib	Wikipedia Added US Border 'Detention Centers' to Its List of Concentration Camps	politics
7s1erc	Paul Ryan just claimed Obama delayed troop pay during 2013 shutdown. That’s a lie.	politics
7ajzi1	Republicans just introduced a bill to remove Mueller from the Trump-Russia investigation	politics
9oco5u	Warren reminds Trump he offered $1 million if she proved her Native American heritage, calls on him to donate it	politics
7pj25c	After becoming president, Trump sold millions in real estate in secret deals	politics
5qd3or	Petition Demanding Donald Trump Release His Tax Returns Breaks White House Record	politics
5uj24p	California bill would make Election Day a state holiday	politics
7pzc0a	Trump Lawyer Arranged $130,000 Payment For Adult-Film Star’s Silence	politics
79xc08	'I want to quit': Fox News employees say their network's Russia coverage was 'an embarrassment'	politics
93oy7o	Trump urges Attorney General Sessions to stop Mueller probe 'right now	politics
6gnj7s	McCain says American leadership was better under Obama	politics
7e43d8	Trump Campaign Coordinator And 'Family Values' Republican Pleads Guilty To Child Sex Trafficking, Faces Life in Prison	politics
910pjo	Audience bursts out laughing after GOP Senate candidate says Trump is ‘standing up’ to Russia	politics
84ervl	It’s official: Democrat Conor Lamb wins Pennsylvania special election in major upset.	politics
9dc6bg	No, anonymous Trump official, you're not 'part of the resistance.' You're a coward	politics
8cwr61	Bernie Sanders introduces bill to impose jail time for execs behind opioid crisis	politics
6dkbjz	Russian ambassador told Moscow that Kushner wanted secret communications channel with Kremlin	politics
6eub8t	Vice President Mike Pence says climate change is just an issue for the left	politics
7zx0ni	Delta ends NRA partnership and orders gun group to remove airline's information from website, amid growing backlash	politics
9ktloi	Trump Engaged in Suspect Tax Schemes as He Reaped Riches From His Father	politics
7277we	Kushner used private email to conduct White House business	politics
9289mr	Megathread: Michael Cohen claims Trump knew in advance of 2016 Trump Tower meeting	politics
982e6d	Cheers to Whoever Just Saved Us $92 Million on Trump's Farce of a Parade	politics
7vzq1r	Russians successfully hacked into U.S. voter systems, says official	politics
7hruzy	Jones: Men who hurt little girls should go to jail, not the Senate	politics
9v06ij	Donald Trump Jr. Expecting to be Indicted by Mueller Soon	politics
7ijc0m	Former Fox News anchor: Trump tried to kiss me on the lips	politics
7ewcvw	I'm on the FCC. Please stop us from killing net neutrality	politics
6bl6py	Trump reportedly asked Comey to consider imprisoning members of the press	politics
7jzg8i	Donald Trump federal judge nominee is asked basic legal questions and can’t answer a single one	politics
6bodhr	Dem to call for Trump's impeachment on House floor	politics
9gwx38	Ted Cruz leads Beto O'Rourke 54 to 45, Quinnipiac poll says	politics
8wdgap	Scott Pruitt Resigns as Administrator of the Environmental Protection Agency	politics
7ye2fj	Trump: I never said Russia didn't meddle in election	politics
6a9oed	Grand jury subpoenas issued in FBI's Russia investigation	politics
6iv5rf	White House Warns Reporters Not to Report on Instructions About Not Reporting on Today's Press Conference	politics
9qcz79	Germany halts arms deals with Saudi Arabia, encourages allies to do the same	politics
9uv8vr	Democrat Alexandria Ocasio-Cortez officially becomes the youngest woman elected to Congress	politics
9lqnlf	Nunes buried evidence on Russian meddling to protect Trump. I know because I’m on the committee	politics
90lg8t	Anti-Trump protests outside White House continue into fifth night	politics
6qwhm5	President Trump is now directly implicated in trying to cover up the Russia scandal	politics
99il4j	Poll: Mueller approval rating jumps 11 points	politics
5t092m	Kellyanne Conway encourages Americans to 'go buy Ivanka's stuff,' potentially violating ethics rules	politics
6rkq5n	Laziest President in American History Departs for 17-Day Golf Resort Vacation	politics
6v1zph	Secret Service out of money to pay agents because of Trump's frequent travel, large family	politics
7jty80	Democrats warn: 'There is going to be a political price to pay for taking net neutrality away from the American people'	politics
7x2k7y	Trump proposes eliminating federal funding for PBS, NPR	politics
8ou1d3	Man takes knee during national anthem at Donald Trump's White House ceremony	politics
7q6y97	Paying a Pornstar Hush Money Would Have Ended Any Other Presidency	politics
6dr6f8	White Terrorists Killed More Americans This Week Than Refugees Have in 40 Years	politics
6bqdd7	Senate Intel Committee accepts James Comey’s offer to testify in public	politics
8bhy8f	Paul “Mr. Responsible Balanced Budgets Guy” Ryan Created a Trillion-Dollar Deficit and Then Quit	politics
9da36m	I Am Part of the Resistance Inside the Trump Administration	politics
79o0zu	Ex-Trump Campaign Foreign Advisor George Papadopoulos Secretly Pleaded Guilty	politics
78f5qz	Small company from Trump Interior chief's hometown wins massive contract to restore Puerto Rico's power	politics
9jjo7o	American Bar Association: Delay Kavanaugh until FBI investigates assault allegations	politics
922a22	Evidence Shows Hackers Changed Votes in the 2016 Election But No One Will Admit It	politics
8zdlx9	Russian National Charged in Conspiracy to Act as an Agent of the Russian Federation Within the United States | OPA	politics
6sfdff	Trump gets a folder full of positive news about himself twice a day	politics
997yn1	With Sixteen "Guilty" Verdicts All in a Row, Hundreds of Thousands Ready to Hit Streets If Trump Issues Pardons or Moves Against Mueller	politics
7kkr6v	Donald Trump to drop climate change from list of national security threats	politics
9r3vym	CNN to Trump: You incited this	politics
9gfbr6	Ted Cruz Campaign is Mailing Donation Requests Disguised as Legal Summonses	politics
8zkfi9	Protests erupt outside of White House as Trump returns from Putin summit	politics
7s7xtt	Pennsylvania Supreme Court Strikes Down State’s Congressional Map, Saying It Illegally Benefits GOP	politics
7moomu	Alabama certifies Jones Senate victory	politics
9sstdl	Pro-Trump troll busted for running fake intelligence firm tied to Mueller smear	politics
7jir4u	Black voters just saved America from Roy Moore	politics
7roatu	#TrumpShutdown becomes top trending hashtag worldwide	politics
7fyq17	A woman approached The Post with dramatic — and false — tale about Roy Moore. She appears to be part of undercover sting operation.	politics
6i9wt7	Sean Spicer Out as Press Secretary	politics
6kgmq3	Don’t sugarcoat this. Trump just called for 32 million people to lose health coverage.	politics
7h3fwj	Trump's motorcade greeted with chants of 'lock him up' in NYC	politics
692k30	Sean Spicer thinks it's 'somewhat sad' people are still talking about the election. President Trump has mentioned it every day for the last week.	politics
5ne41g	Trump shouted down CNN’s Jim Acosta as ‘fake news’ then took a question from Breitbart.	politics
93tmuc	Robert Mueller Is Going After Shady Democrats Now, Too	politics
82qgp7	Reddit Says It’s Cooperating With Russia Investigations. They’ve Handed Over Zero Documents.	politics
63tx09	Donald Trump's travel expenses in 10 weeks cost US taxpayers as much as Barack Obama spent in two years	politics
8qmt19	DNC votes unanimously to no longer accept money from fossil fuel companies	politics
91n9e9	CNN obtains secret Trump-Cohen tape	politics
9076nc	Dems erupt into 'USA' chant on House floor after Hoyer gives fiery anti-Putin speech	politics
82gq1r	Maryland Senate passes bill requiring presidential candidates to release their tax returns	politics
6971i4	Pregnancy to cost 425% more under Donald Trump's health plan compared to Obamacare	politics
4ud9tk	Sanders Calls for Wasserman Schultz to Resign After Email Leaks	politics
6gett3	Trump Impeachment Calls Surge as President Faces ‘Most Serious Scandal’ in U.S. History	politics
8d01df	McConnell won’t allow vote to bill to protect Mueller	politics
6g54v7	GOP attacked Obama as an "amateur," but Trump gets a pass because "he's new to this"	politics
5qvsey	President Trump hits majority disapproval in record time, Gallup finds	politics
820xya	State Dept. Was Granted $120 Million to Fight Russian Meddling. It Has Spent $0.	politics
87bxu5	Press briefing starts off with a bang, as reporter asks why the American people should trust anything the White House says	politics
83nfsi	Trump Could Feed Every Homeless Veteran For The Cost Of His Military Parade, Even Conservatively Estimated	politics
9lgm8u	Mass Arrests as Thousands Descend on Senate Office Building Demanding Lawmakers Reject Kavanaugh	politics
5uoybc	Trump tweets: The media is the 'enemy of the American people'	politics
42sc14	Rep. Mia Love wants to limit congressional bills to one subject at a time	politics
7dfdix	Donald Trump's Sexual Assault Accusers Demand Justice in the #MeToo Era: 'We Were Forgotten'	politics
5v02vr	Report: Trump's lawyer hand-delivered Michael Flynn a plan to lift sanctions on Russia	politics
6cqk03	Trump asked intelligence chiefs to push back against FBI collusion probe after Comey revealed its existence	politics
7gvbgs	Megathread: Reports: Michael Flynn To Plead Guilty To Making False Statements To FBI	politics
5utxug	Trump family trips cost taxpayers $11.3m in one month – almost as much as Obama’s cost in a year	politics
6g21ho	Comey to Trump: ‘Release all the tapes. I’m good with it.’	politics
8u96lt	Trump “Charity” Exposed as Elaborate Scheme to Make Golf Debts Go Away	politics
7w6dkb	Navy SEAL who says he killed bin Laden: ‘A military parade is third world bulls---’	politics
5bzot4	Donald Trump would have lost if Bernie Sanders had been the candidate	politics
5pz2m8	A Rogue National Park Is Tweeting Out Climate Change Facts in Defiance of Donald Trump	politics
6ghqh4	Poll: Americans Trust James Comey Over Trump	politics
5undrc	One Million People Demand Trump’s Tax Return, Smashing Petition Record	politics
7eebwe	Eric Trump funneled cancer charity money to his business: Report	politics
7i7tyc	Dem wants to publicly release the number of sexual harassment claims filed against senators	politics
77o6oz	Presidential Executive Order Amending Executive Order 13223	politics
5vc9yv	Va. gov vetoes bill to defund Planned Parenthood	politics
62hv7o	Megathread: Flynn offers to testify for immunity deal.	politics
61c5mr	Trump Says He Never Promised to Quickly Repeal Obamacare. Here’s a Bunch of Times He Promised Exactly That.	politics
6ori7l	Sessions discussed Trump campaign-related matters with Russian ambassador, U.S. intelligence intercepts show	politics
9pafql	New Emails and Photo Show President Intervened Directly in Decision Not to Sell FBI HQ Property to Potential Trump Hotel Competitors	politics
7t56gg	New Report Says Dutch Have Absolute Proof Russia Was Behind 2016 Election Hacking	politics
7js8jc	Republican Sen. Susan Collins is calling on the FCC to cancel the net neutrality vote	politics
7xk2lb	Porn star claims she’s free to talk after Trump lawyer violates non-disclosure deal	politics
6chffu	Notre Dame students walk out on Pence commencement speech	politics
9p3m0a	Rod Rosenstein says the Russia probe has uncovered a widespread Russian effort to meddle in the 2016 race	politics
93mxir	Child Dead In ICE Detention Center Due To ‘Negligent Care’: Immigration Lawyer	politics
7crjpz	Report: Alabama Mall Banned Roy Moore in the ’80s for Pursuing Teens	politics
6824j4	Trump now agrees with the majority of Americans: He wasn't ready to be president	politics
77gbfu	Poll: 42 percent think Trump will be remembered as one of worst presidents in history	politics
81u62b	Trump on China's Xi consolidating power: 'Maybe we'll give that a shot some day'	politics
9ur455	29-year-old Alexandria Ocasio-Cortez is poised to become the youngest woman in Congress	politics
9gm9ye	Ted Cruz Campaign Accused of Violating Texas Law with Deceptive Mailer Disguised as ‘Summons’	politics
7gw8r2	Megathread 2: Michael Flynn testifies in plea that he was directed to make contact with Russia by senior Trump transition team officials	politics
7z6z6h	The right-wing sliming of Douglas High students can’t be ignored. It’s too disgusting for that.	politics
7bdbk0	Syria signs Paris Agreement - leaving US only country in the world to refuse climate change deal	politics
9nbyop	Sarah Silverman Blasts GOP Hypocrisy for Telling Taylor Swift to 'Stay Out of Politics' but Giving Kanye West 'a Free Ticket to the White House'	politics
8rc2u3	Megathread: Paul Manafort ordered to jail after witness-tampering charges	politics
6du4n5	Angela Merkel says Germany can no longer rely on Donald Trump's America: 'We Europeans must take our destiny into our own hands'	politics
8yla41	Megathread: Mueller indicts 12 Russians for hacking into DNC	politics
853ie6	Ex-CIA director slams Trump after McCabe firing: You'll be remembered as a 'disgraced demagogue'	politics
9plwns	Analysis: Brian Kemp has purged over 300,000 voters from Georgia rolls	politics
6fxory	Poll: 61% of Americans Think President Trump Fired James Comey to Protect Himself	politics
7k2xks	If Trump Fires Mueller, We Must Impeach	politics
7ezak2	Investigation of fake net neutrality foes has been stymied by the FCC, New York attorney general says	politics
7gyc27	Cities Across the U.S. Join Movement to Impeach President Trump For Violating the Constitution	politics
7u0frg	Impeachment adverts funded by billionaire Tom Steyer will run during Trump's State of the Union address	politics
8i5cry	Donald Trump threatens to 'take away media's credentials' over negative news stories about him	politics
7ygz60	Former Trump aide Rick Gates to plead guilty; agrees to testify against Manafort, sources say	politics
9ne1ql	Clinton fires back at Trump: 'You asked Russia to hack me on national television'	politics
7k9gnu	Mueller obtains "tens of thousands” of Trump transition emails	politics
49mfcd	Bernie Sanders wins Michigan in stunning upset	politics
9o87ob	Donald Trump finally just said it: he doesn’t care if Kavanaugh’s accuser is telling the truth	politics
6g9c2j	Fox News Was Attacking Barack Obama For Using Dijon Mustard At This Point In His Presidency	politics
5zqah2	Trump Budget Makes It Official: You’re Paying For The Wall, Not Mexico	politics
5ck3ml	Environmentalists launch 'emergency' campaign to persuade Trump climate change is real amid fears of 'planetary disaster'	politics
9rblif	Trump claims ‘I rarely use a cellphone’ in tweet sent from iPhone	politics
73efl3	Donald Trump criticises mayor of Puerto Rican capital for 'poor leadership'	politics
69kshy	GOP rep: ‘Nobody dies because they don’t have access to healthcare’	politics
6miw5v	Russian Government Sought to Aid Trump’s Candidacy, According to Email	politics
6px5wa	Trump's Mar-a-Lago trips cost more than trans soldiers' health care	politics
6iggxi	McCain: No American has seen healthcare bill but I'm sure Russia has	politics
5zxd6h	Petition to remove Congress members' health care subsidies gets nearly 500,000 signatures	politics
9nu3nf	Kushner Likely Paid No Federal Income Taxes for Years, Documents Show	politics
9vowol	Acting attorney general Matthew Whitaker once said jews, muslims and atheists should not be federal judges	politics
7ob0wl	DC bookstore sold out of ‘Fire and Fury’ 20 minutes after midnight release	politics
7dqeum	Trump made millions of dollars from drug money laundering in Panama	politics
9axhcl	Trump news: President claims Google is rigging search results to make him look bad	politics
6qsgin	Trump dictated son’s misleading statement on meeting with Russian lawyer	politics
8kwlcc	Houston police chief: Vote out politicians only 'offering prayers' after shootings	politics
6mwkj2	House Democrats want to know why a major Russian money laundering case was abruptly 'dismissed'	politics
7d756v	Macron: France will cover US share of funding for UN's climate science panel	politics
73l3v5	Trump’s Tweets on Puerto Rico Are a National Disgrace	politics
95c7br	Ajit Pai admits FCC lied about “DDoS,” blames it on Obama administration	politics
744j1z	John McCain Urges Supreme Court to 'Return Control of Our Elections to the People'	politics
91inc3	Trump: I'm concerned Russia may interfere in election to help Democrats	politics
5yp8pt	White House official says Breitbart was source of Trump's wiretaps claim	politics
6sln10	FBI conducted predawn raid of former Trump campaign chairman Manafort's home	politics
60g9zr	Donald Trump wouldn't have to make $18m education cuts if Melania lived in White House instead of Trump Tower	politics
8r2cwx	New York files suit against Trump, alleging his charity engaged in ‘illegal conduct’	politics
8udgfo	Puerto Rico introduces bill to become US state	politics
8ca04z	Pentagon announces 2000% increase in Russia bots since Friday	politics
5wlbkl	229 House Republicans just voted to keep Trump’s tax returns secret	politics
8pxl1g	McCain to allies: 'Americans stand with you, even if our president doesn't'	politics
68n3n7	Congress Just Ignored Trump And Boosted America's Science Funding	politics
9ht63c	400,000 Americans in 900 Cities Ready to Take to Streets If President Trump Fires Rosenstein After NYT Bombshell	politics
5wan75	Calls for Trump to be replaced by Alec Baldwin after boycotting White House press dinner	politics
9k0qk7	White House Is Controlling Who FBI Interviews in Kavanaugh Investigation	politics
5ie2gx	U.S. Officials: Putin Personally Involved in U.S. Election Hack	politics
7794zg	Trump offered a grieving military father $25,000 in a call, but didn’t follow through	politics
5qazu1	The State Department’s entire senior management team just resigned	politics
7u1vra	FBI has second dossier on possible Trump-Russia collusion	politics
6f25si	The White House hyped up a 'Pittsburgh, not Paris' rally — and Trump skipped it to go to his golf club	politics
97xlbe	Pentagon says it's postponing Trump's military parade	politics
80zry2	Hope Hicks to Resign as White House Communications Director	politics
738bza	Full-blown scandal: Trump Cabinet charged taxpayers at least $1,070,594.19 for luxury travel	politics
6m9s62	Trump’s Son Met With Russian Lawyer After Being Promised Damaging Information on Clinton	politics
9sf1bo	Report: Trump Clocks in About Three Hours of Work on a Good Day	politics
6hw8b3	Six People Have Resigned From Trump's HIV/AIDS Advisory Council Because He "Doesn't Care"	politics
9fhmra	Trump claims 3,000 people did not die in Puerto Rico hurricanes	politics
8jfbir	White House can’t explain how Chinese financing of Trump-linked project doesn’t violate Constitution	politics
8s9sj8	George Takei: At least during my internment, I was not taken from my parents	politics
7fc5kn	Time says Trump is 'incorrect' after president says he rejected Person of the Year overture	politics
8i13ip	AT&T confirms it paid Trump lawyer Michael Cohen for 'insights' on administration	politics
69e8hm	History Will Remember These 217 House Republicans for Their Inhumanity	politics
9ve63c	Huckabee Sanders Should Resign, Critics Say, After 'Orwellian' Distribution of Doctored Video	politics
8wem9n	AP NewsBreak: US Army quietly discharging immigrant recruits	politics
7t84ut	Trump Launched Campaign to Discredit Potential FBI Witnesses	politics
97wlhj	'You have embarrassed us in the eyes of our children': Navy SEAL who oversaw the Osama bin Laden raid rebukes Trump in stunning opinion column	politics
7g7ai2	Leaked Bank Records Tie Russian Money To Kushner Startup He Didn’t Disclose	politics
5zs4f2	Mike Flynn was paid to work for Russia's top cybersecurity firm while he still had top-secret security clearance	politics
8shxax	Donald Trump is indisputably the worst president in American history	politics
7k3sab	CDC gets list of forbidden words: fetus, transgender, diversity	politics
7j5tvv	Judge orders Alabama not to destroy voting records in Tuesday's Senate election	politics
6gtjtb	Trump Loses Travel Ban Ruling in Appeals Court	politics
8nmbo7	Trump has officially put more tariffs on U.S. allies than on China	politics
8qvozh	Fox News Mocked For Praising Trump's Kim Jong Un Meeting After Slamming Obama's Willingness To Talk With 'Dictators'	politics
6mn1zp	Megathread: Donald Trump Jr. Releases Correspondence from Russian Lawyer	politics
6cup0a	Trump Budget Based on $2 Trillion Math Error	politics
9550gf	Rick Gates: I Committed Crimes With Paul Manafort	politics
9kfssy	Outrage Grows As Omissions From Kavanaugh Probe Become Apparent	politics
9oz9mr	Vermont hits record 92.5 percent voter registration ahead of election	politics
5r5hkm	Megathread: President Trump fires Acting Attorney General Yates; Replaces with Dana Boente	politics
93ssv1	Special counsel Mueller wants to ask Trump about obstruction of justice	politics
9vq83w	Mail-in ballots found sitting in Miami distribution center	politics
85slfh	MPs summon Facebook's Mark Zuckerberg to give evidence on 'catastrophic failures' of Cambridge Analytica data breach	politics
4q44yt	President Obama should pardon Edward Snowden before leaving office	politics
86cb5a	John Dowd Resigns as Trump’s Lead Lawyer in Special Counsel Inquiry	politics
6xako4	Mueller Enlists the IRS for His Trump-Russia Investigation	politics
3g0iy7	A mathematician may have uncovered widespread election fraud, and Kansas is trying to silence her	politics
5uu8zh	McCain: Trump’s attacks on press are 'how dictators get started'	politics
7wwkly	Woman Dragged Out of West Virginia House Hearing For Listing Oil and Gas Contributions to Members	politics
5z0ogk	After Pledging to Donate Salary, Trump Declines to Release Proof	politics
6efvji	New York mayor: City will uphold Paris climate agreement if Trump doesn't	politics
88ymwv	New York passes bill to strip all guns from domestic abusers	politics
8sw4ad	Man Arrested for Possessing Child Pornography Hired to Manage Children at Migrant Detention Center	politics
99pm7r	White House blocks bill that would protect elections	politics
7zkbmq	Three major car rental companies dump the NRA	politics
996x8u	Megathread: Manafort guilty on eight counts, mistrial declared on 10 more	politics
715n9c	Trump using campaign, RNC funds to pay Russia probe legal bills: Reuters, citing sources	politics
9bw56a	Mueller Makes Major Connection, Tying Secret Ukrainian Money to Trump Inauguration	politics
9n1tyc	Trump's tariffs now cost Americans more than Obamacare taxes	politics
7rqbje	Deutsche Bank Willing To Report Jared Kushner's 'Suspicious Transactions' To Robert Mueller: Report	politics
75gcnf	Trump threatens to 'compare IQ tests' with Tillerson after 'moron' report	politics
73fbka	Scarborough to Trump: 'Poor leadership' is golfing while Americans die	politics
7vq7c4	White House says 10-page memo is ‘too lengthy’ for Trump to read	politics
5roy6v	Most Americans want Barack Obama back as President, poll shows	politics
9w02u3	Democrat Harley Rouda wins California U.S. House seat, defeats 15-term Republican Rep. Dana Rohrabacher	politics
6dnpxg	G7 leaders blame US for failure to reach climate change agreement in unusually frank statement	politics
85v9xy	Exposed: Undercover secrets of Trump’s data firm	politics
923v0g	Trump Org. CFO called to grand jury to testify: WSJ	politics
9uyo4k	Dana Rohrabacher, Putin’s Favorite Congressman, Loses his Seat to Democrat Harley Rouda	politics
6lfcnu	Trump Will Have Buses of Supporters Sent to His Speech in Poland, Utilizing Communist Party Tactics	politics
8asp5f	Sean Hannity, who mocked Michelle Obama, says it's wrong to mock Melania Trump	politics
4x924g	Bernie Sanders Slams Decision Not To Reclassify Marijuana: "People can argue about the pluses and minuses of marijuana, but everyone knows it’s not a killer drug like heroin."	politics
6bp50s	Dem calls for Trump impeachment on House floor	politics
9jr55v	Kavanaugh said his life is ruined. Parkland dad tweets: ‘Try having a child murdered’	politics
4j3232	Obama Endorses Idea of National Voting Holiday	politics
9p7nzu	Wilbur Ross Lied to Congress About the GOP’s Plot to Rig the Census. This Should Be a National Scandal.	politics
9ewdc1	House Democrats’ top priority if they win in November is a sweeping anti-corruption bill	politics
7oqcwy	Trump refuses to release documents to Maine secretary of state despite judge’s order	politics
7nyuqq	Trump dissolves voter fraud commission	politics
9czsos	Ex-Trump Lawyer Told Mueller Trump is too Dumb to Testify	politics
79p0d1	US court bars Trump from changing military policy on service by transgender people	politics
6zfuv2	Florida AG who killed Trump University investigation gets cushy Trump admin job	politics
7qutok	Report: Porn star said she had yearlong affair with Trump in 2006	politics
9szibr	Midterms 2018: Early voting by young people up 500% in Texas and Georgia	politics
62dtlw	Russian hired 1,000 people to create anti-Clinton 'fake news' in key US states during election, Trump-Russia hearings leader reveals	politics
79nagg	Megathread: Manafort, Gates told to surrender to federal authorities	politics
8hry59	Mueller rejects Trump request to answer questions in writing	politics
9scm0v	Jimmy Carter calls on Georgia GOP candidate to resign as secretary of state	politics
9imu1r	Supreme Court nominee Brett Kavanaugh's Yale roommate says he believes second accuser	politics
9d1ud6	Trump suggests protesting should be illegal	politics
900u03	FBI Director Says Russian Influence Efforts Are 'Very Active'	politics
7sr9ap	Trump Says He Would Talk to Special Counsel Mueller Under Oath	politics
7asphb	Donald Trump mocked by Hawaiians holding 'welcome to Kenya' signs	politics
7yyzef	Poll: 97 percent support background checks for all gun buyers	politics
7iml9i	FCC Chair Ajit Pai Jokes In Video About Being A 'Verizon Puppet'	politics
94j6on	Ivanka Trump Comes Out Against Family Separation Just in Time to Make Literally No Difference	politics
6tvar4	Anne Frank Center asks Twitter to suspend Trump's account because he's an 'accomplice to domestic terrorism'	politics
873qdr	Report alleges the House Intelligence Committee failed to investigate a stunning number of leads before closing its Russia investigation	politics
95rz0h	Secret recording shows GOP's Nunes saying Rosenstein impeachment would delay Supreme Court pick	politics
904ymi	Outrage erupts over Trump-Putin ‘conversation’ about letting Russia interrogate ex-U.S. diplomat Michael McFaul	politics
9jzbhc	A majority of voters say they won't re-elect senators if they confirm Kavanaugh	politics
6ao49f	In a Private Dinner, Trump Demanded Loyalty. Comey Demurred.	politics
6y7hju	Putin on US administration: 'It’s difficult to talk with people who confuse Austria and Australia'	politics
7hk9so	Sessions argued in Clinton impeachment that presidents can obstruct justice	politics
61yhre	I am an Arctic researcher. Donald Trump is deleting my citations	politics
7au17v	Harrison Ford: ‘We’ve got people in charge of important shit who don’t believe in science’	politics
73zqbv	DOJ releases overruled memos finding it illegal for presidents to appoint relatives	politics
6hm0bz	Robert Mueller expands special counsel office, hires 13 lawyers	politics
6ar0uu	Trump warns Comey: Better hope there are no tapes of our meeting	politics
85xeid	Trump’s national security advisers warned him not to congratulate Putin. He did it anyway.	politics
73akd1	Tom Price out as Trump administration health chief after outrage over pricey private jet flights	politics
5pgxlj	Women lead unprecedented worldwide mass protests against Trump	politics
8f4sv4	Trump Wants Presidential Elections to Be Decided by Popular Vote, Which He Lost	politics
7nfoxh	Trump said he was going ‘back to work.’ Then he went golfing — for 7 straight days.	politics
7sjbj2	Trump asked the acting FBI director whom he voted for during Oval Office meeting	politics
6h30sx	Photograph places Jeff Sessions, Russian ambassador together at the Mayflower Hotel	politics
61r4op	Donald Trump branded 'international embarrassment' after handing made-up Nato invoice to Angela Merkel	politics
6vy1k3	Trump Staffer Responsible For Finding Positive News Stories Resigns	politics
9vd9b0	There Will Be a Pro-Mueller Demonstration in DC Tonight	politics
8c3do2	Sources: Mueller has evidence Cohen was in Prague in 2016, confirming part of dossier	politics
8vvrj1	Findings that Russia meddled to help Trump beat Clinton were 'accurate and on point': Senate intel panel	politics
9ugugc	U.S. soybean sales to China down 94% thanks to Trump trade war	politics
9sox1m	Looks Like Someone May Be Planning False Sexual Assault Accusations Against Robert Mueller	politics
6i13yk	Donald Trump under criticism for tweeting about his approval rating instead of 7 dead U.S. sailors	politics
9a68m6	Verizon couldn't have restricted Santa Clara County's internet service during the fires under net neutrality	politics
8rux0x	Meet Stephen Miller, the 32-year-old White House adviser who convinced Trump to start separating migrant children from their parents at the border	politics
9na1xz	It Seems Bad That the Guy Running for Governor in Georgia Is Also In Charge of Who Gets to Vote in Georgia	politics
61tfc7	Trump's Approval Rating Drops to New Low of 36%	politics
71sppb	McCain Says He Can’t Vote for Graham-Cassidy Health Bill	politics
71zhgd	Trump Called White Supremacists ‘Very Fine People’ But An Athlete Who Protests Is A ‘Son Of A Bitch’	politics
5ugq37	Poll: Trump's approval rating drops to 39 percent	politics
97mr82	FCC shuts down Alex Jones’ pirate flagship radio station	politics
5u15v2	Warren calls for congressional inquiry into Russia: 'This. Is. Not. Normal.'	politics
6d1h6p	Trump tells Duterte of two U.S. nuclear subs in Korean waters: NYT	politics
4p57go	Hacker releases Clinton Foundation documents	politics
7geo7z	FCC Got 444,938 Net-Neutrality Comments From Russian Email Addresses	politics
9arln6	Veteran groups tell Trump to lower flag to half-staff to honor McCain	politics
6oglm8	Mueller Expands Probe to Trump Business Transactions	politics
9ocxvs	Trump denies offering $1 million for Warren DNA test, even though he did	politics
5u7qnb	Trump reveled in leaks that hurt Hillary Clinton. He now calls administration disclosures ‘un-American’.	politics
9fryl8	Ex-Trump campaign chief Paul Manafort agrees to plead guilty in deal with special counsel Robert Mueller	politics
6jgg1d	Mitch McConnell Refused to Meet With Group That Funded His Polio Recovery	politics
9ezw1p	Trump told Gary Cohn to 'print money' to lower the national debt, according to Bob Woodward's book	politics
8zo3h8	Special counsel Robert Mueller asks for immunity for five potential witnesses in Manafort Case	politics
9371wm	Koch-backed study finds ‘Medicare for All’ would save U.S. government trillions	politics
7l4hev	It is finished! Roy Moore doesn't have enough votes to trigger a recount against Doug Jones	politics
6h7hvx	Sessions: I can’t discuss conversations with the president. 9 legal experts: Yes, you can.	politics
7nujza	Trump Tower meeting with Russians 'treasonous', Bannon says in explosive book	politics
5jmfb7	Poll: 62 percent of Democrats and independents don't want Clinton to run again	politics
8xgxsa	Trump was like a "predator" toward teens at parties in ‘80s and ‘90s, says BBC report	politics
9ruj27	Obama rips Trump: 'It's wrong to spend all your time from a position of power vilifying people'	politics
9jq4vl	Senate GOP agrees to one-week delay on Kavanaugh confirmation to allow for FBI probe	politics
6oowgx	Megathread: Sean Spicer Resigns from White House Press Secretary Position	politics
6hbid4	For his birthday, Donald Trump learns that he’s personally under investigation	politics
8eonem	Our president ignores an American hero: Trump’s silence on the Waffle House murders is deafening	politics
82nty5	Democrats to unveil $1 trillion infrastructure plan, seek reversal of GOP tax cuts to finance it	politics
7y98nw	Top GOP donor: 'I will not write another check' until candidates support assault weapons ban	politics
6rf8bk	Megathread: Mueller Impanels a Grand Jury	politics
86fyqm	‘Lone DNC Hacker’ Guccifer 2.0 Slipped Up and Revealed He Was a Russian Intelligence Officer	politics
6b3wn1	Poll: 78 Percent think Russian investigation should be independent	politics
9lvtdn	Senators representing less than half the U.S. are about to confirm a nominee opposed by most Americans	politics
6jlyu0	Delaney Introduces Bill to End Gerrymandering, Reform Elections	politics
9teex6	Melania Trump's one-night hotel stay in Egypt cost taxpayers $95,050	politics
9e4wls	Donald Trump will have to answer questions under oath from sexual assault accuser	politics
75wc5s	Trump threatens to pull FEMA from Puerto Rico	politics
82k7q5	Stormy Daniels sues Trump, says ‘hush agreement’ invalid because he never signed	politics
79itd5	Puerto Rico’s utility cancels controversial $300 million contract with Montana firm hired to repair electrical grid	politics
8rdgaa	Feds have reassembled Michael Cohen's shredded documents, discovered over 700 pages of encrypted messages	politics
7gwo5d	WH cancels Trump media event after Flynn plea	politics
8p1zm1	Ivanka Trump Was In Contact With A Russian Who Offered A Trump-Putin Meeting	politics
7jlnvp	Moore Accuser Beverly Nelson Has Solid Defamation Case Against Fox News and Breitbart	politics
7grm0t	Trump Pressed Top Republicans to End Senate Russia Inquiry	politics
9osr5g	Report: If Not for Republican Policies, the Federal Government Would Be Running a Surplus	politics
7jadea	Trump Administration is the Most Corrupt Government Institution in the United States, Americans Believe	politics
80g2s0	Stephen Miller apparently fell asleep at a White House meeting about school shootings	politics
7wical	Megathread: Trump Administration Blocks Release of Democrat Memo on Russa Probe	politics
6d3op0	The Pentagon Can't Believe Trump Told Another President About Nuclear Subs Near North Korea	politics
94wbw1	New Documents Show Trump’s Election Integrity Commission Was Preparing Report on Voter Fraud Without Proof	politics
72npl0	Protesters Banned At Jeff Sessions Lecture On Free Speech	politics
5oecf7	Poll: 74 percent want to see Trump's tax returns	politics
68h2x9	Pence lied: Led the Flynn vetting process, knew about foreign ties	politics
6evlpc	People think France's president speaks English better than Trump.	politics
9fc99p	Betsy DeVos Loses Student Loan Lawsuit Brought by 19 States	politics
7zbfum	Marco Rubio booed at town hall	politics
92xclx	Trump calls media 'very unpatriotic' for reporting on government affairs	politics
752aos	Corker fires back: Trump's White House 'has become an adult day care center'	politics
7mjdxv	Trump Boasts He’s Signed More Laws Than Any President Since Truman. He’s Actually Signed the Least.	politics
6ajyby	Donald Trump fired James Comey because 'he refused to end Russia investigation', say multiple FBI insiders	politics
9b4sgi	Sanders-backed Andrew Gillum wins major upset in Florida Dem gov primary	politics
87vh2l	Every woman in the Senate just demanded Mitch McConnell hold a vote on sexual harassment legislation	politics
9vnl86	Jeff Sessions says he doesn't regret recusing himself, is confident Mueller probe conducted “appropriately and with justification.”	politics
6c9knz	Melania Trump arrives in Saudi Arabia without headscarf - two years after Donald criticised Michelle Obama for showing her hair	politics
5z738k	Spicer: Trump didn't mean wiretapping when he tweeted about wiretapping	politics
9n4mzq	Morning Consult poll: Bernie Sanders is most popular senator, Mitch McConnell is least popular	politics
9bppxb	'Absolutely Repulsive': After $1.5 Trillion Tax Giveaway to the Rich, Trump Cancels Modest Pay Raise for Federal Workers	politics
6ee2ax	Poll: Support for Trump impeachment rises	politics
9n28bf	Brian Kemp Is Blocking 53K Applicants From Registering To Vote, Most Of Them Black	politics
9q6vle	Carl Bernstein: Trump preparing to call midterm elections 'illegitimate' if Democrats take power	politics
7o3awy	Trump trying to stop publication of explosive book about his presidency	politics
626f2i	The 265 members of Congress who sold you out to ISPs, and how much it cost to buy them	politics
7fh8hm	First Republican defies her party's scheme to censor the internet	politics
8zm3cr	I.R.S. Will No Longer Force Kochs and Other Groups to Disclose Donors	politics
7hsjaf	Ex-Clinton staffer: If Obama cured cancer, Trump would try to bring it back	politics
8do93h	Democratic Party files lawsuit alleging Russia, the Trump campaign and WikiLeaks conspired to disrupt the 2016 campaign	politics
61nw64	Donald Trump's staff 'wiping their electronic devices' in anticipation of giving evidence	politics
99cfns	Michael Cohen's lawyer says he will not accept pardon from 'criminal' Donald Trump	politics
6amgb9	FBI agents change their Facebook profile photos to James Comey – a gesture normally reserved for slain colleagues	politics
75oc9j	Donald Trump has state visit to UK downgraded 'and will not be guest of the Queen'	politics
9oqzik	Republicans Are Outraged about the Deficit They Caused	politics
8hixtj	Connecticut passes bill giving electoral votes to presidential candidate who wins popular vote	politics
5w3zwf	New poll shows majority of Americans want Congress to investigate Trump's contact with Russia	politics
85ejxe	McCain: Mueller must be allowed to finish investigation 'unimpeded'	politics
754za4	Ethics watchdog blasts Pence for use of government travel to Colts game	politics
7pvz1t	UN calls Donald Trump's s***hole immigrants comments 'racist'	politics
9jn7xy	Sexual Assault Survivor Confronts Jeff Flake On CNN: ‘Don’t Look Away From Me’	politics
806m2y	Parkland school shooting survivor David Hogg calls for spring break boycott of Florida	politics
78k323	Enough. It is time to stand up to Trump.	politics
5sdwd8	Donald Trump says 'any negative polls are fake news'	politics
6uj3jz	Megathread: Trump informs aides of decision to remove Steve Bannon from White House staff	politics
9v0q5b	Dems plan to bring in Mueller for televised hearings if Trump fires him	politics
9f3ivi	Trump admin took millions from FEMA for ICE detentions	politics
9vbl8i	Acosta should sue the president, and Americans should shun Sanders	politics
850xov	Megathread: Former F.B.I. Deputy Director, Andrew McCabe, has been fired	politics
78anyh	Trump Fails to Sanction Russia Over Election Meddling and Defies Congress With Three Week Delay	politics
7npm61	Mark Kelly: If Trump gets credit for zero airline deaths, he should get credit for tens of thousands of gun deaths	politics
8z5zo1	Trump, Treasonous Traitor	politics
7ujr1u	Pelosi Sends Letter to Speaker Ryan Calling for Removal of Chairman Nunes and End to House Republicans’ Partisan Charade	politics
6hekfv	Memo to Jeff Sessions: You're the country's attorney, not President Trump's	politics
6ht8dz	Ted Nugent once said Obama should ‘suck on my machine gun.’ Now he wants to tone down the ‘hateful rhetoric’	politics
5iq5uv	FBI backs CIA view that Russia intervened to help Trump win election	politics
7umwvi	Comey praises FBI for speaking up against 'weasels and liars'	politics
961iq7	Robert Mueller requests Trump-related portion of Manafort's trial be kept secret because it revealed 'substantive' evidence	politics
9vxlcm	Andrew Gillum withdraws concession as Florida recount begins	politics
5d5oht	Warren to President-Elect Trump: You Are Already Breaking Promises by Appointing Slew of Special Interests, Wall Street Elites, and Insiders to Transition Team	politics
7434wx	Rep. Tim Murphy, popular with pro-life movement, urged abortion in affair, texts suggest	politics
7f2kbp	A Split From Trump Indicates That Flynn Is Moving to Cooperate With Mueller	politics
60xvyw	Schiff: There is now 'more than circumstantial evidence' of Trump-Russia collusion	politics
9ivipc	President Trump Is Literally the Laughingstock of the World	politics
6vgcia	Trump goes off-script in hour-long public meltdown	politics
5txxzt	Megathread: Michael Flynn resigns as National Security Advisor	politics
8u0ngp	Whistleblower Leaks Video From Detention Facility Where Children Were Threatened Against Speaking to Press	politics
7x4mdj	Pelosi resurfaces old Trump tweet vowing no cuts to Medicaid after Trump budget cuts Medicaid	politics
6h1mzi	Poll: Trump disapproval hits record 60 percent	politics
7y6a5f	Hundreds protest outside NRA headquarters following Florida school shooting	politics
72uc9l	Poll: Majority says Trump not 'fit to serve as president'	politics
9ufmtj	Prove it, America. Prove that President Trump is not who we are.	politics
7u4glq	Russia’s Sanctioned Spy Chief Reportedly Met CIA Director in the U.S.	politics
5wya15	Barack Obama Is Returning to Politics to Fight Gerrymandering	politics
7zrcuc	14-year-old Parkland survivor calls out Melania Trump for sitting by as Donald Trump Jr. cyberbullied her	politics
85p30j	#DeleteFacebook movement gains steam after 50 million users have data leaked	politics
6j1hn2	Vladimir Putin gave direct instructions to help elect Trump, report says	politics
706jks	California legislature passes bill requiring presidential candidates to release tax returns	politics
7tlo1r	Kerry jokes he wants to see Trump’s ‘girth certificate’	politics
6hzkup	Donald Trump claims his approval rating is higher than Barack Obama's but data suggests opposite	politics
6q407c	McCain is getting the credit, but these women are the ones who really saved Obamacare	politics
6cna8h	Michael Flynn to decline Senate Intel committee subpoena, invoke 5th Amendment later today	politics
9f7zmt	A Series Of Suspicious Money Transfers Followed The Trump Tower Meeting	politics
5cgswr	Donald Trump: I may not repeal Obamacare, President-elect says in major U-turn	politics
8d72hj	Senate panel moving ahead with Mueller bill despite McConnell opposition	politics
9vuvdx	Trump cancels World War One memorial visit to US cemetery because of 'poor weather'	politics
7buzh3	Woman says Roy Moore initiated sexual encounter when she was 14, he was 32	politics
6rblg6	Trump to go on 17-day getaway to private golf club in N.J.	politics
9mjx9b	Tennessee, nationwide voting registrations spike after Taylor Swift gets political on Instagram	politics
8koy5q	Santa Fe school had a shooting plan, armed officers, and practice. And still 10 people died.	politics
7on5wh	Lieu: 'People who are geniuses don't go around saying they are'	politics
5whh4r	Trump: 'Nobody knew that healthcare could be so complicated'	politics
9vkr7d	Gillum responds to Scott lawsuit: ‘Counting votes isn’t partisan — it’s democracy’	politics
9w3dcn	In World War I remembrance, France’s Macron denounces nationalism as a ‘betrayal of patriotism’	politics
6b9kc1	Trump's EPA Greenlights a Nasty Chemical. A Month Later, It Poisons a Bunch of Farmworkers.	politics
5nqfw6	In 2 Terms, Obama Had Fewer Scandals Than Trump Has Had In The Last 2 Weeks	politics
6z34eb	Trump’s Inauguration Pledged Millions to Charity. To Date: Zero Given.	politics
6u5oc0	Congresswoman calls for President Donald Trump's removal under 25th Amendment	politics
61gra3	Donald Trump takes 12th golf trip since becoming President nine weeks ago	politics
7gnjfa	I’m a Depression historian. The GOP tax bill is straight out of 1929.	politics
5vlcp4	Trump has a problem: Americans increasingly think he's incompetent	politics
9az4zx	Trump’s economic adviser: ‘We’re taking a look’ at whether Google searches should be regulated	politics
7es23u	37 of 38 economists said the GOP tax plans would grow the debt. The 38th misread the question.	politics
7qlsp7	Durbin calls on White House to release tapes of Trump's remarks about African countries	politics
9r9ly4	We recommend Beto O'Rourke for U.S. Senate	politics
7az4ba	Leaked Documents Show Commerce Secretary Concealed Ties to Putin Cronies	politics
9notl8	Tapper: Trump harder on Taylor Swift than Saudis	politics
8t639u	George Will Leaves Republican Party, Urges Conservatives to Vote Against Donald Trump	politics
7vn3pv	Federal judge who Donald Trump disparaged as 'Mexican' set to preside over US-Mexico border wall case	politics
68tvnu	Jared Kushner didn’t disclose his business ties with George Soros, Peter Thiel, and Goldman Sachs or that he owes $1 billion in loans	politics
9l3aue	FBI Lacks White House Approval to Talk to Kavanaugh and Ford, Sources Say	politics
74abq9	Mexico slaps Trump in face by offering aid to Puerto Rico after his disastrous visit	politics
7x9w5r	3 Trump properties posted 144 openings for seasonal jobs. Only one went to a US worker.	politics
7je4t0	Alabamians cry ‘voter suppression’ as black voters are forced to cast provisional ballots	politics
8dvjb8	Sean Hannity Isn’t A Journalist And Fox News Isn’t News	politics
6dbatq	Federal appeals court upholds block on Trump's travel ban	politics
6qqize	Megathread: Trump dismisses Anthony Scaramucci as White House Communications Director	politics
6tx8h7	Megathread: President Trump delivers remarks on Charlottesville during Press Conference	politics
9lfo4n	Former Supreme Court Justice John Paul Stevens says Kavanaugh's performance during hearings was disqualifying	politics
9n9prd	Investigative reporter Craig Unger: “Trump has had contacts with the Russian mafia for 35 years”	politics
6j3g3q	With cameras banned, CNN sends sketch artist to White House briefing	politics
66i1pv	Dow Chemical Donates $1 Million to Trump, Asks Administration to Ignore Pesticide Study	politics
60yh2f	US Officials: Info suggests Trump associates may have coordinated with Russians	politics
9a7v2h	Roger Stone: Mueller Will Soon Indict Donald Trump Jr. For 'Lying to the FBI'	politics
8zyuhm	White House: Trump open to Russia questioning US citizens	politics
9oi689	At Least 90,000 Voters Purged From Nevada Voter Rolls, Voting Rights Group Claims	politics
5xgk2x	Donald Trump claims Barack Obama ordered 'wire tap' on Trump Tower, but provides no evidence	politics
9p17il	Up to 9.5 million net neutrality comments were made with stolen identities	politics
7pxlqg	US ambassador to Panama resigns because he can 'no longer work for Trump'	politics
94u0dr	The Day Trump Told Us There Was Attempted Collusion with Russia	politics
7faqn8	President Trump appears in Panama Papers for the first time	politics
8nbvoa	FBI is reconstructing shredded documents obtained during Cohen raid	politics
7i3917	Trump ends homeless vets program as their numbers rise for first time in 7 years	politics
8wk9gx	Donald Trump Mocked Both John McCain, Who Is Dying, and George H.W. Bush, Who Just Lost His Wife, At Montana Rally	politics
7r5u90	House Democrats introduce a bill to legalize marijuana and provide 'restorative justice' to communities impacted by the war on drugs	politics
995mww	Megathread: Trump's former lawyer Michael Cohen reaches tentative plea deal with federal prosecutors	politics
7lh5o6	White House finally admits Trump will benefit from tax bill	politics
6u9xlu	Trump ‘Sad’ Over Removal of ‘Our Beautiful Statues’	politics
9ae9j0	McCain didn't want Trump at funeral service	politics
7a7wl3	Hours after Trump calls US justice system 'a laughingstock,' White House denies he ever did	politics
7beb82	House Republican: my donors told me to pass the tax bill “or don’t ever call me again”	politics
82j8lh	Gary Cohn to Resign as Trump’s Top Economic Adviser	politics
7htpqa	Trump accuser: If he has time to golf, he can defend himself in court	politics
7iermh	Roy Moore is the last straw, you can now call me a Democrat	politics
7socu5	Trump Hasn’t Publicly Acknowledged Kentucky School Shooting, but Canada’s Prime Minister Has	politics
7ebkcp	Ex-Fox News Employee Says She Was Blocked From Investigating Trump-Russia Ties	politics
66qtbg	Treasury refuses to give ExxonMobil special waiver to drill in sanctioned Russia	politics
7uqsof	Donald Trump accuses FBI and Justice Department of favouring Democrats over Republicans	politics
8parkh	A Republican who filmed herself harassing a trans woman lost her election. By a lot.	politics
7xe50q	Democrat Margaret Good Flips Seat in Florida, The 36th Democratic Flip Since Trump's Inauguration	politics
9mgifi	Mike Pence's NFL walkout cost taxpayers $325,000 and was likely staged, report says	politics
6g3n2x	Schumer to Trump: Play Comey tapes or admit they don't exist	politics
90ja6t	Conservative columnist: ‘I would take Obama back in a nanosecond’	politics
75r7l5	“I Hate Everyone in the White House!”: Trump Seethes as Advisers Fear the President Is “Unraveling”	politics
9lc8m8	I Lived With Brett Kavanaugh At Yale. The FBI Never Returned My Call.	politics
9vg03z	Expert: Acosta video distributed by White House was doctored	politics
7mtldv	Trump fires all members of HIV/AIDS council without explanation	politics
6wmdiy	Trump: I pardoned Arpaio during hurricane because I thought TV ratings would be higher	politics
7yfbgq	Because 'Nothing Has Changed Since Columbine,' Students, Teachers Call for Nationwide School Walkouts	politics
9s3q17	Texas Voting Machines Are Reportedly Switching Votes for Beto O’Rourke to Ted Cruz	politics
6jnplq	Senate Obamacare replacement would lead to 22 million more uninsured in 2026, CBO estimates	politics
7u6kz4	Trump tells nation he supports Puerto Rico on the same day he cuts off aid	politics
8kmf48	Trump Jr. and Other Aides Met With Gulf Emissary Offering Help to Win Election	politics
4uieru	Leaked DNC Documents Show Plans To Reward Big Donors With Federal Appointments	politics
79zgfz	Papadopoulos Claimed Trump Campaign Approved Russia Meeting	politics
73rtsv	Donald Trump heckled with 'you don't give a sh*t about Puerto Rico' as he dedicates golf trophy to victims	politics
5x2peb	Nancy Pelosi: Jeff Sessions Lied Under Oath And Must Resign	politics
8pkovj	Canada rejects Trump's bid to let Russia back into G7	politics
7w4jdk	George W. Bush on immigrants: 'We ought to say thank you and welcome them'	politics
6ko6tp	FBI Employees Wear 'Comey Is My Homey' Shirts To Family Day	politics
8ui64i	Alexandria Ocasio-Cortez’s climate plan is the only one that matches scientific consensus on the environment	politics
8svimy	Bill would keep Trump off 2020 ballot unless he releases his tax returns	politics
90fe0w	Trump flags and hats made in China are reportedly being held up at customs as trade war heats up	politics
5c4kir	Sanders Statement on Trump	politics
6sw7w3	Trump thanks Putin for expelling US diplomats: 'We want to reduce our payroll	politics
8zg92y	That was treason, Donald Trump. We all saw it	politics
5vr45z	Yes, liberals are planning town hall protests. It's called democracy	politics
9dmkvj	Warren: Time to use 25th Amendment to remove Trump from office	politics
7cmhos	Republican tax plan 'includes major break for golf course owners'	politics
865bsw	Fired FBI official authorized criminal probe of Sessions, sources say	politics
7v95o6	Holocaust Denier Will Be GOP Nominee In Illinois Congressional Race	politics
6nxh9k	Health Care Overhaul Collapses as Two Republican Senators Defect	politics
8keqfn	Houston lawmaker: 'Y'all been sending thoughts and prayers for two freaking decades'	politics
8omjvq	Manafort tried to tamper with potential witnesses: US special counsel	politics
6zu2sm	Pharma CEO worries Americans will say “Enough is Enough” and embrace Bernie Sanders' Single-Payer Plan	politics
9j5obn	Fox News roasted on Twitter after editing out world leaders laughing at Trump	politics
7ghl8m	Roy Moore co-authored legal course that argues women should not be permitted to run for office	politics
7evicd	The backlash is building over the plan to gut net neutrality	politics
6xed38	Trump voter fraud panel head confirms he’s a paid Breitbart columnist	politics
5rgsb8	Dem offers bill to remove Bannon from National Security Council	politics
7vra9p	Apprentice Creators Say 'Trump the Billionaire Tycoon' Was a Myth Created for His Reality Series	politics
7nwifh	Trump blasts ex-aide Bannon, says he has lost his mind	politics
62slhi	Trump tells NBC to stop covering Russia story	politics
7xqxva	Stormy Daniels has a ‘Monica Lewinsky dress’ to test for Trump’s DNA, report says	politics
68p7yp	Democrats save arts funding for NPR and PBS from Donald Trump	politics
9843pr	Vets group seeks to hold 5K race after Trump cancels military parade: 'One K for each of Trump's military deferments'	politics
8zc6ap	Anderson Cooper: Trump-Putin presser was "one of the most disgraceful performances by an American president"	politics
7q0euj	Steve Bannon suggests Trump's lawyer 'took care' of 'a hundred' women during the presidential campaign	politics
7iux46	Alabama has the worst poverty in the developed world, U.N. official says	politics
8xue0a	Senate Overwhelmingly Passes Resolution Supporting NATO as Trump Attacks Continue	politics
5qqa94	Netflix CEO: ‘Trump’s actions are so un-American it pains us all’	politics
7lrq69	Scarborough: Conservatives would have raised ‘holy hell’ if Obama attacked FBI like Trump	politics
7xt5oy	Trump ended rule to block mentally ill from getting guns	politics
63mhxt	Megathread: Steve Bannon removed from National Security Council	politics
6u53c6	Fox's Shep Smith: We couldn't find a Republican willing to come on and defend Trump	politics
6bt1nk	Before He Came to White House, Trump Team Knew Flynn Was Under Investigation	politics
5j1g7x	Leak reveals Rex Tillerson is director of Bahamas-based US-Russian oil company	politics
8usa1l	Maryland shooting: NRA spokeswoman Dana Loesch said journalists 'need to be curb-stomped', in resurfaced footage	politics
5rru7g	Kellyanne Conway made up a fake terrorist attack to justify Trump’s “Muslim ban”	politics
9pcm9v	Donald Trump Says He's Too 'Busy' to Visit U.S. Troops Overseas but Has Played Golf Almost 70 Times	politics
6vahkm	President Trump’s list of false and misleading claims tops 1,000	politics
9iil46	The Latest: AP source says Rosenstein expecting to be fired	politics
9fkp4e	Brett Kavanaugh has been accused of sexual misconduct with a woman in a letter that's been passed to the FBI: Report	politics
8rzj83	Trump just tweeted that “crime in Germany is way up.” It’s actually at its lowest level since 1992.	politics
9reros	Beto O'Rourke Earns the Endorsements of Texas' Two Largest Newspapers	politics
6o3qz5	Ian Bremmer: Trump, Putin held second informal meeting at G-20	politics
7v1tjl	Paul Ryan deletes tweet touting woman's $1.50 raise as proof of the tax bill's success	politics
9qzyij	Megathread: Likely Explosive Devices Addressed to Former President Obama and Former Secretary Clinton Intercepted by Law Enforcement, Linked to Device Sent to Democratic Donor George Soros	politics
6eozwt	Trump’s pullout from Paris climate agreement is biggest failure of leadership in American history	politics
9bisrr	Trump, without evidence, says NBC altered 2017 interview on Russia	politics
67a0zq	Poll: 73% Back Independent Probe of Russian Election Interference	politics
747d4t	Tillerson reportedly described Trump as ‘a moron’ and was set to resign in July	politics
9h9wyx	Trump Ordered the Release of Sensitive Intelligence at Sean Hannity’s Request	politics
4o86et	Jimmy Carter calls for return to publicly-financed elections	politics
6w2hq4	Megathread: President Trump Pardons Former Sheriff Joe Arpaio	politics
8bcc6d	Trump Sought to Fire Mueller in December	politics
7qoqf8	The Senate’s push to overrule the FCC on net neutrality now has 50 votes, Democrats say	politics
7o5wwt	Several Retailers Say They Will Begin Selling Trump Book by Michael Wolff on Friday	politics
8z23q0	"I think the European Union is a foe," Trump says ahead of Putin meeting in Helsinki	politics
91qnqz	White House Omits Critical Question From Trump-Putin Press Conference Video	politics
8zk5bc	We just watched a U.S. president acting on behalf of a hostile power	politics
7dwu6r	Donald Trump nominates man whose firm tripled price of insulin to regulate drug companies	politics
7afiye	Carter Page testifies he told Sessions about Russia trip	politics
9a8fna	Trump Has Spent 150 Days, Or 25 Percent, of His Presidency at Trump golf clubs	politics
81fmh7	Reddit dragged into Russian propaganda row	politics
99y1dy	Longtime Trump Organization CFO Weisselberg granted immunity in Cohen probe: DJ, citing sources	politics
7ujxax	Poll: 82 percent think Trump should testify under oath to Mueller	politics
5hhji4	Secret CIA assessment says Russia was trying to help Trump win White House	politics
9lb5ky	‘Unfathomable’: More than 1,200 law professors sign letter opposing Kavanaugh’s confirmation	politics
6lni15	White House Warns CNN That Critical Coverage Could Cost Time Warner Its Merger	politics
9khaz8	Kavanaugh lied under oath, Sen. Patrick Leahy says	politics
7xbzg9	FBI director: Trump hasn't directed me to stop Russian meddling in midterms	politics
641a4t	Jared Kushner hid dozens of meetings with Russians from his application for top-secret security clearance	politics
7rdqmh	Trump Lawyer Used Private Company, Pseudonyms to Pay Porn Star ‘Stormy Daniels’	politics
63i3ay	House Democrats to Trump: We won’t consider tax reform until you release your tax returns	politics
90q37a	‘Betsy DeVos is the worst secretary of education ever’ — teachers union leaders come out swinging	politics
6nfygg	While Trump enjoys golf, former president Jimmy Carter, 92, is building homes for the poor	politics
8c1k4l	RNC deputy finance chair resigns after reports of $1.6 million payment to Playboy Playmate	politics
5w6m8o	President Trump will not attend the White House Correspondents’ Dinner	politics
6u3652	3M CEO resigns from Trump's panel	politics
7bcc3h	Donald Trump 'tells Japanese emperor mass shootings can happen anywhere' — in country with no mass shootings	politics
7osxwp	Donald Trump to undergo medical check amid swirl of allegations over his health	politics
6c31mk	Sen. Franken Slams FCC, Calling Vote to Undo Net Neutrality "A Major Step Toward Destroying the Internet As We Know It"	politics
992xdo	The Mueller investigation is showing how badly we’ve failed to prosecute white-collar crime	politics
5qjlvu	In leaked audio, Republicans destroy their own public talking points on Obamacare	politics
9190t3	Video: 'Lock Him up,' Protesters Chant As Trump Arrives at White House	politics
5zimmu	US Defence Secretary James Mattis says climate change is already destabilising the world	politics
5qj4qv	Trump closed the White House comment line so people are calling his hotels.	politics
9msps4	Trump says 'no one more competent in the world' than daughter Ivanka to replace Nikki Hayley as UN ambassador	politics
7us7f4	3 sanctioned Russian spy chiefs visited the US days before Trump decided against new sanctions on Russia	politics
9pbtex	Legal Experts: Ivanka Trump May Have Committed Felony Fraud	politics
9btrj8	New York’s attorney general says Trump Foundation bankrolled political campaign, pursues lawsuit	politics
6asoo1	Schiff demands Trump turn over Comey 'tapes'	politics
7zijct	Mueller Files Superseding Indictment Against Manafort, Gates	politics
732o0s	Kushner didn't disclose personal email account to Senate intel committee	politics
9hyqy3	6 siblings of an Arizona Republican congressman endorsed his Democratic opponent in a scathing campaign ad	politics
8ldk21	Michael Cohen’s Business Partner Agrees to Cooperate as Part of Plea Deal	politics
728jaa	McCain: Trump never apologized for saying I wasn't a war hero	politics
5ghx10	Standing Rock: US denies key permit for Dakota Access pipeline, a win for tribe	politics
7v06kn	Justice Department says Mueller probe lawful	politics
7c45a1	If You Refuse to Condemn Predators because of Politics, You’re Disgusting	politics
8s04nw	Whistleblower: I Quit My Child Detention Facility Job After Refusing to Tell Siblings Not to Hug	politics
8wndo5	Trump administration admits they’ve lost track of roughly 20 percent of toddlers’ parents	politics
7d4ni7	Trump Impeachment Articles Introduced by Six Democrats Calling for Hearings to Begin Immediately	politics
8vm7y9	Trump declines request to lower flags in memory of Capital Gazette shooting victims	politics
6wkjwl	Trump Associate Boasted That Moscow Deal ‘Will Get Donald Elected’	politics
7jvkwu	That Net Neutrality Op-ed in the Wall Street Journal Was Written By a Comcast Attorney	politics
993s4y	Sen. Elizabeth Warren's new reform bill would ban members of Congress from owning individual stocks	politics
6r5obm	Rex Tillerson Rejects $80 Million From Congress to Fight Russian Propaganda Because It Would Anger Moscow	politics
8371rp	'Morning Joe' host on Trump-North Korea meeting: 'He can't even make a deal with a porn star'	politics
9bnar0	Viral video of O'Rourke defending NFL player protests racks up more than 44M views	politics
7alao4	House Republicans claim an annual salary of $450,000 is middle class	politics
7go1sp	We fact-checked FCC Chair Ajit Pai’s net neutrality ‘facts’—and they’re almost all bulls**t	politics
5hx4vz	Electors demand intelligence briefing before Electoral College vote	politics
6uwerp	The Trump administration just disbanded a federal advisory committee on climate change	politics
6pv1n5	Donald Trump threatens to isolate Alaska after Republican senator votes against Obamacare repeal bill	politics
6b07mk	At 3 a.m., NC Senate GOP strips education funding from Democrats’ districts	politics
6y1y9b	Schwarzenegger’s bipartisan next political act: Terminating gerrymandering	politics
6tfteb	H.R. McMaster classifies Charlottesville riots as 'terrorism'	politics
9v98p9	Activists call for nationwide protests to protect Mueller investigation	politics
7h5e73	Trump transition official in email: Russia 'has just thrown the U.S.A election' to Trump	politics
7hdthz	Billy Bush: Yes, Donald Trump, You Said That	politics
4bx0sw	Poll: 66 percent think presidential election process is broken	politics
67snut	Trump’s newly unveiled anti-immigrant hotline bombarded with reports of space aliens	politics
7z0mwi	Mitch McConnell Should Be Driven Out of Office for Being a Chump Who Let Russia Humiliate America	politics
6bv1w0	Trump campaign had at least 18 undisclosed contacts with Russians - sources	politics
7mfvu9	Mueller is reportedly zeroing in on the Trump campaign's data operation — and the RNC	politics
9afwze	Arizona Republican blames McCain of dying just to hurt her campaign	politics
6r7j9b	White House admits no phone calls from Boy Scouts or Mexican president	politics
62ldh8	The entire coal industry employs fewer people than Arby’s	politics
7vhkxe	Trump calls Democrats "un-American" and "treasonous"	politics
8adelb	Ivanka Trump’s clothing company will be spared from tariffs, thanks to her dad	politics
7iqo3h	Seth Rogen Boycotts SiriusXM Over Steve Bannon Hire	politics
9dj7f7	'Bring it': Cory Booker says he's releasing a confidential document on Kavanaugh, risking expulsion from the Senate	politics
7cxioz	Secret Finding: 60 Russian Payments "To Finance Election Campaign Of 2016”	politics
8qlr2w	Mueller Warns of Active Russian Meddling, Seeks Disclosure Lid	politics
9qsgih	Donald Trump touts nonexistent $450 billion in Saudi orders and 1 million jobs	politics
9tokgn	Undercover Video Catches Rep. Beto O’Rourke’s Staffers… Helping The Poor	politics
5wgiys	The infuriating silence of Donald Trump over an Indian engineer’s murder in Kansas	politics
9loy3w	Activists Pledge $1.9 Million to Susan Collins’s Democratic Challenger If She Votes to Confirm Brett Kavanaugh	politics
9vju2d	Nancy Pelosi plans to push for revival of climate change committee in new Congress	politics
9erqkg	Trump reportedly exploded at his ex-lawyer after he heard Mueller was looking into his relationship with Deutsche Bank: 'This is bulls---!'	politics
9usime	Georgia voters wait hours after county mistakenly installs only three machines at polling site	politics
6egbu5	Comey to testify publicly about Trump confrontations	politics
7o8byl	Trump Is So Bad at Deals That the Book He Tried to Kill Is Coming Out Early	politics
82f4ir	Phone call Trump said he had with North Korean regime was actually with South Korea's president	politics
8s8p6j	Elizabeth Warren Says Let's Be Clear: Trump Is Holding "Thousands of Kids Hostage to Try and Get Congress to Pay for His Stupid Wall"	politics
5x3pim	ACLU Calls for Investigation Into Potential Perjury By Sessions	politics
7sh5dh	Biden: McConnell stopped Obama from calling out Russians	politics
8a3gg4	Trump denies he knew about lawyer's $130,000 payment to Stormy Daniels	politics
70yqnc	US government wiretapped former Trump campaign chairman	politics
8mjzky	Giuliani Admits ‘Spygate’ Is PR in Anticipation of Impeachment	politics
7fofau	Four-star general: “I have wasted 40 years of my life” if Trump’s lies represent “who we are”	politics
6jh4xi	The New York Times used a full page to print all of Trump's lies since taking office	politics
76pwox	The Trump administration is letting Americans die in Puerto Rico, nurses say	politics
5oybdp	Donald Trump has assembled the worst Cabinet in American history	politics
6hnqti	Trump's personal lawyer hires attorney	politics
6n4i8v	President Trump contradicts son, indicates he knew about meeting with Russian lawyer	politics
9ue2nf	Trump Lawyer Rudy Giuliani Takes Mystery Trips to Russia, Armenia and Ukraine: Report	politics
7mr7b2	Donald Trump doesn't know the difference between climate and weather	politics
5qof3z	Hours after Trump signs Muslim ban, Texas mosque goes up in flames	politics
9mq583	Nikki Haley's resignation comes one day after an ethics watchdog requested an investigation into her acceptance of free flights on private jets	politics
9vc8am	Trump’s Appointment of the Acting Attorney General Is Unconstitutional	politics
4eurso	Hillary Clinton gets booed at Democratic debate after being confronted over Wall Street transcripts	politics
9k8wd5	55% of GOP Say Sexual Assault Not Disqualifying for SCOTUS; What Is *Wrong* With Them?	politics
9rotre	'Nobody in my administration got indicted': Obama jabs Trump	politics
6rv3hb	'Barack Obama Day' Is Now an Illinois Holiday	politics
86oso2	Andrew McCabe: Not in my worst nightmares did I dream my FBI career would end this way	politics
764ihr	If Obama threatened to take Fox News off the air people would march "with torches in the street," says Jake Tapper	politics
9pp7uy	Kamala Harris proposes bill to repeal GOP tax cuts, give money to working class families	politics
6dwc6l	Is the U.S. going to let Erdogan’s goons get away with beating up protesters?	politics
5zfw4x	Rachel Maddow says she has Trump's tax returns	politics
9vmok5	Ocasio-Cortez rips Fox News for cracking 'jokes' about her finances: It shows what they really think of working-class people	politics
4scrzl	Congress is going to try to expand the Patriot Act tonight and hopes no one will notice	politics
99x3bn	Democrats file “emergency” amendment to block Betsy DeVos from arming teachers	politics
5dcw4i	Trump caught on video telling rich friends at the 21 Club, ‘We’ll get your taxes down — don’t worry about it’	politics
6ksyfw	Thousands expected at march to impeach President Trump in downtown Los Angeles	politics
6oi32s	Deutsche Bank Is Turning Over Information on Trump	politics
78z1iz	Unsealed Documents Show That Kris Kobach Is Dead Set on Suppressing the Right to Vote	politics
5wo6a2	True: During campaign, Trump pledged to leave marijuana legalization up to states	politics
9v8zmu	'Coward' Lindsey Graham Called Out For Empty Vow To Unleash 'Holy Hell' On Trump	politics
4fnqns	Nebraska Just Abolished Civil Forfeiture, Now Requires A Criminal Conviction To Take Property	politics
6ucvr1	Donald Trump Is a Nazi Sympathizer	politics
9pjqry	107,000 purged from Georgia voter rolls for not voting in past elections	politics
61b8el	Megathread: House Health Care bill pulled	politics
765c1e	Trump says he 'met with the president of the Virgin Islands'	politics
8k3vas	Trump accuses Obama of embedding spy in his campaign while citing no evidence for claim, in misspelled early morning tweet	politics
77qdy0	Republicans who obsessed over Benghazi silent on 4 US troops killed in Niger	politics
99dyvx	Every Single House Republican Is Actively Covering Up Trump’s Guilt	politics
8fo6ln	Trump: If Dems win in 2018 midterms, they'll impeach me	politics
615ozz	Trump threatens to leave ObamaCare in place if repeal bill fails	politics
6kw0q5	Justice Department's Corporate Crime Watchdog Resigns, Saying Trump Makes It Impossible To Do Job	politics
8k63i5	Lawyer who repped Equifax will run office that investigates Equifax	politics
845cyb	Rex Tillerson’s parting words: Russia did it	politics
9jfeao	Lindsey Graham Threatens to Falsify Accusations of Assault Against Democratic Supreme Court Nominees	politics
8raqqg	Trump: Kim's people sit up when he speaks, 'I want my people to do the same'	politics
6dcf9j	Trump’s behavior at NATO is a national embarrassment	politics
8b8cdu	Schumer: It's time to vote on legislation protecting Mueller	politics
6fh19v	Sources: Acting US ambassador to China quit over Trump climate decision	politics
5qtq6q	When even men who risk their lives for the US are denied entry, the dream of America is dead	politics
5pj7km	Dear Team Trump, "Alternative Facts" Are Lies	politics
5pxy7j	Ryan: ‘No evidence’ of mass voter fraud as Trump claimed	politics
96g43u	Trump tariffs have forced us into bankruptcy and liquidation, says PC case maker CaseLabs	politics
7769wq	Fallen soldiers’ families say they never heard from Trump	politics
9upbw8	Thousands of Students Are Expected to Walk Out of Classes Today to Go to The Polls	politics
6oun13	Donald Trump says 'US president has complete power to pardon' as Russia investigation pressure mounts	politics
6k817c	The Ironworker Running to Unseat Paul Ryan Wants Single-Payer Health Care, $15 Minimum Wage	politics
6d9sd6	Trump blurts out classified info again, worrying Pentagon officials	politics
6e8aid	Russia investigation expands to include Donald Trump's personal attorney	politics
8iilsl	Cohen’s $600,000 deal with AT&T specified he would advise on Time Warner merger, internal company records show	politics
6e30sx	Illinois passes automatic voter registration	politics
9sz0sb	I'm pro-life and I voted for Beto O'Rourke because I'm done being used by the GOP	politics
6uke7l	Trump’s arts council puts hidden “RESIST” message in resignation letter	politics
98oegg	Cohen, Trump’s Ex-Lawyer, Investigated for Bank Fraud in Excess of $20 Million	politics
5t7n84	Donald Trump is 'surprised he cannot run the US government like his businesses', aides reveal	politics
6pyzs1	Anthony Scaramucci Called Me to Rant About White House Leakers, Reince Priebus, and Steve Bannon	politics
76jr3b	Subpoena Orders Trump To Turn Over Documents From Assault Allegations	politics
5vi7ib	Poll: Majority of Americans Fear US Will Become Involved In Another Major War	politics
7hbj1m	GOP Senator says it’s hard to fund $14 billion children’s health care program — then advocates for $1 trillion tax cut	politics
7esxqo	FCC will block states from passing their own net neutrality laws	politics
6nsczk	Donald Trump's campaign against Isis results in nearly as many civilian deaths as during Obama's entire administration	politics
5vqnox	A majority of Americans are embarrassed by President Trump	politics
6185nv	Donald Trump meets 30 men to discuss future of pregnancy and maternity care under new healthcare bill	politics
8676dg	Summons Issued For Trump In Emoluments Case	politics
7itx6p	The FCC plans to repeal net neutrality this week — and it could ruin the internet	politics
6fljcn	Four top law firms turned down requests to represent Trump	politics
89zva8	Arizona lawmaker: I'll 'gladly' work with Trump on immigration 'when his ideas aren’t stupid'	politics
9j360e	Avenatti identifies Kavanaugh accuser as Washington resident Julie Swetnick, claims Supreme Court pick and pal tried to spike girls' drinks	politics
7np629	Roy Moore's Jewish lawyer voted for Doug Jones, raised money for his campaign	politics
79hgw7	Clinton: Fox News seems to think I live in the White House	politics
7aqapb	George W. Bush: ‘I’m worried that I will be the last Republican president’	politics
9jidgl	Brett Kavanaugh’s Testimony Made It Easier Than Ever to Picture Him As an Aggressive, Entitled Teen	politics
95yul3	Pence Said the President Should Resign for Lying About Adultery. Just Not This One.	politics
7ay29x	Mueller Has Enough Evidence to Bring Charges in Flynn Investigation	politics
71u2rx	Federal government notifies 21 states of election hacking	politics
99g6nq	New York investigators have issued subpoena to former Trump lawyer Cohen as part of Trump Foundation probe, AP reports	politics
3ygh45	Californian’s ballot initiative would require legislators to wear logos of top 10 contributors	politics
5h8sy6	I’m the union leader Donald Trump attacked. I’m tired of being lied to about our jobs.	politics
8q0fxr	Warren Says Democrats Lack Guts to Take on ‘Billionaire Class’	politics
8m64p2	'Trump’s son should be concerned': Wiretaps show Trump Jr. met with Putin ally	politics
5rtwlq	Trump immediately tweeted about an 'Islamic terrorist' that killed 0 - but nothing about a white man who killed 6	politics
6pwaex	John McCain took time out of cancer treatment to vote against poor Americans accessing healthcare – he is no hero	politics
5v4h0a	White House confirms Donald Trump sacked advisor after he 'disagreed with his Latino policies'	politics
94duxn	Report: Trump commission did not find widespread voter fraud	politics
7m1b4v	President Trump Spent Nearly One-Third of First Year in Office at Trump-Owned Properties	politics
69nox0	MSNBC host: 'No takers' after 217 GOPers invited to explain health vote	politics
6qh84s	ObamaCare opponent: I’m still on my parents' insurance	politics
792ox6	It's not just Trump, it's the whole GOP that calls 'fake things true and true things fake'	politics
9gcehv	California professor, writer of confidential Brett Kavanaugh letter, speaks out about her allegation of sexual assault	politics
69eqnh	House Republican didn’t know the health care bill he voted for could cost his state $3 billion	politics
6484v9	Donald Trump takes 15th golf trip in 11 weeks since becoming President	politics
8m460f	Donald Trump Jr. Lied to the Senate Judiciary Committee	politics
95w5i0	Today in Trump’s America: Rep. Devin Nunes admits to trying to protect Trump from legal jeopardy	politics
5y8z9n	Bernie Sanders: It is important to keep calling Donald Trump a liar	politics
96kxiv	Green Party candidate in Montana was on GOP payroll	politics
5uay4o	FBI releases files on Trump apartments' race discrimination probe in '70s	politics
4ukzlr	Julian Assange: "Hillary is incorporating Debbie into her campaign. She is going to be pushing for her re-election to the Congress. That is a very interesting signalling by Hillary Clinton. That if you act in a corrupt way that benefits Hillary Clinton, you will be taken care of." [5:53]	politics
9ka1zr	Halifax cartoonist’s response to Kavanaugh hearing goes viral	politics
6l0e1p	Support for Donald Trump's Impeachment Is Way Higher Than His Latest Approval Rating	politics
7by2c8	Fox News host Sean Hannity dismisses Roy Moore's sexual misconduct allegations by saying it was 'consensual'	politics
7azmfa	Massive Leak Reveals New Ties Between Trump Administration and Russia, Implicating Commerce Secretary Wilbur Ross and Jared Kushner	politics
81qcvw	A presidential milestone: Trump has spent 100 days in office at one of his golf clubs	politics
67g95x	Ivanka Trump gets booed, hissed at during Berlin event	politics
59vuny	Megathread: FBI reopens investigation into Clinton emails	politics
60tqq2	AP: Manafort's plan to 'greatly benefit the Putin Government'	politics
96hhlf	Poll: Trump is as strongly disliked now as Nixon was before he resigned	politics
8l116u	Don’t get distracted. The biggest weekend story was the other 2016 Trump Tower meeting.	politics
9s2mzd	Trump Lies About Sept. 11 to Justify Holding Campaign Rally After Synagogue Shooting	politics
8qsuqc	Ex-Trump lawyer Cohen likely to cooperate as his attorneys leave case: Sources	politics
6897mu	Donald Trump’s Mar-a-Lago trips cost taxpayers estimated $20m in 100 days — Obama’s cost $97m in 8 years	politics
72235g	Steph Curry: It's 'beneath' Trump's position to target me	politics
8lnjuk	FBI Seizes Control of Russian Botnet	politics
9bcp45	Beyer On IG Revelations Of Trump’s Involvement In FBI Headquarters Decision: “This Looks Like A Cover-Up”	politics
6zq7c8	In Surprise Vote, House Passes Amendment to Restrict Asset Forfeiture	politics
6tpoqd	Trump campaign emails show aide’s repeated efforts to set up Russia meetings	politics
6fv8bi	Megathread: Release of James Comey's opening testimony	politics
96yhua	Trump-appointed judge upholds special counsel Mueller's authority	politics
7psayj	Vicente Fox: Trump’s ‘mouth is the foulest shithole in the world’	politics
8stw7n	Sinclair forced its TV stations to air pro-Trump propaganda on family separation	politics
5pd87h	At 2.5 million strong, Women's Marches crush expectations	politics
9t2ji5	Federal judges order Ohio to allow purged voters back in	politics
6vr8zv	A third attempt to set up a Trump-Russia meeting has surfaced	politics
9ap3o9	Donald Trump is the worst president ever, 41 percent of Americans say in poll	politics
7ki6rd	It looks like Alabama violated federal law with its 'inactive voter' scheme	politics
908wxt	Putin appears to be targeting U.S. officials who worked to sanction Russia	politics
84rnd2	Trump decides to remove national security adviser, and others may follow	politics
5s8ibk	Pelosi calls for probe of possible Russian blackmail of Trump	politics
7e25r3	Trump says he 'should have left American basketball players arrested in China in jail'	politics
9lhj6q	We were Brett Kavanaugh’s drinking buddies. We don’t think he should be confirmed.	politics
7de3h8	Franken releases new statement, calls for ethics investigation of himself	politics
9pvh78	GOP Removes Sole Polling Place From Famous Hispanic Majority City in Kansas	politics
7jjtqm	GOP went all in for pedophilia, and they can never undo it	politics
5qpyax	Trump Has Suspended Due Process for Muslims in America. This Is a Constitutional Crisis.	politics
5vvbch	Sanders: 'If you don't have the guts to face your constituents,' you shouldn't be in Congress	politics
65bqru	Donald Trump-Russia investigation 'now has specific concrete and corroborative evidence of collusion'	politics
6c6gmj	Donald Trump's son-in-law 'Jared Kushner person of interest in Russia investigation'	politics
611tmo	FBI have uncovered 'evidence of treason' among alt-right websites, says George W Bush's ethics lawyer	politics
5f51im	The US government is already quietly backing out of its promise to phase out private prisons	politics
9gu1um	Florida governor booed out of restaurant over red tide algae issues	politics
9rxbyv	Reports: Votes in Texas, Georgia are being changed at polls	politics
7glo0v	Roy Moore Just Blamed His Sexual Misconduct Allegations On Lesbians, Gays, And Socialists	politics
8grwrb	Feds tapped Trump lawyer Michael Cohen's phones	politics
7l9la8	Charlottesville renames street after woman who was killed in white nationalist rally	politics
9f9xwf	Susan Collins Complains of “Bribery” After Nonbillionaires Try to Influence Her Kavanaugh Vote	politics
95nse3	Georgia defends voting system despite 243-percent turnout in one precinct	politics
9rz97v	Georgia’s Kemp Purged 340,134 Voters, Falsely Asserting They Had Moved	politics
4go6by	Half Of Americans Think Presidential Nominating System 'Rigged'.	politics
933sxg	Giuliani: ‘Collusion is not a crime’	politics
7hztyf	Whistleblower: Flynn told ex-partner Russia sanctions would be ripped up	politics
7pnrbx	‘Nobody here talks about Hillary Clinton,’ Kellyanne Conway said just before Trump tweeted, again, about Hillary Clinton	politics
69yo5l	Obama Warned Trump Against Hiring Mike Flynn, Say Officials	politics
8oqa4p	Former Eagles player: Obama should invite players over for a BBQ instead	politics
88cqsj	Trump ally detained, served with Mueller subpoena at Boston airport	politics
98770a	Officials Defend Plan To Close Almost All Polling Places In Majority Black Georgia County	politics
9rn8a9	Donald Trump Repeats 'Lock Him Up' Chant About George Soros Minutes After Calling For Unity Around Bomb Threats	politics
6g2qek	Dem senator: Trump should testify under oath	politics
94rfmh	Trump's Supreme Court nominee argued presidents should be shielded from all criminal probes — even questioning	politics
857wc3	Trump: 'Mueller probe should never have been started'	politics
9iaz54	Nike has donated three times as much money to Republicans as Democrats this year	politics
6pgqdq	Ex-CIA chief: Trump’s Boy Scout speech felt like ‘third world authoritarian's youth rally’	politics
7nqzj5	Trump: I have a 'much bigger' button than Kim Jong Un	politics
6f7u3v	After Calls To ‘Get Down’ To Business, Trump Goes On 23rd Trip To Golf Course	politics
8przz0	Trump’s 2019 Budget Underestimated New Debt by $2.3 Trillion, CBO Says	politics
9kmykn	White House Edits Trump Insult to Reporter Out of Official Transcript	politics
5bi1pe	Megathread: FBI Director Comey states nothing has changed in email investigation, recommends no charges against Clinton	politics
8tehyz	Sarah Sanders is upset a restaurant wouldn’t serve her. She’s OK with it happening to gays	politics
6dcz91	Jared Kushner Now Under FBI Scrutiny in Russia Probe, Say Officials	politics
8wmh77	Fox Business host on Trump tariffs: 'We'd be shouting' if Obama did this	politics
6uox28	Kennedy Center on Trump not attending annual honors: We are 'grateful for this gesture'	politics
9kla93	Kavanaugh Was Questioned by Police After Bar Fight in 1985	politics
6d5dse	First on CNN: AG Sessions did not disclose meetings with Russian officials, DOJ says	politics
5xv0o9	American citizen Khizr Khan reportedly cancels trip to Canada after being warned his 'travel privileges are being reviewed'	politics
6w6x9h	The year I spent in Joe Arpaio’s tent jail was hell. He should never walk free.	politics
6c6zk9	Comey agrees to testify before Senate Intel Committee	politics
8lahpo	EPA Bars AP, CNN From Summit on Contaminants	politics
6wzf12	Trump Didn't Meet With Any Hurricane Harvey Victims While In Texas	politics
60hc0o	Comey’s testimony humiliates Trump	politics
5d91tz	One of Trump’s potential Supreme Court nominees thinks gay people should be jailed for having sex	politics
85bguk	Graham calls for Senate Judiciary hearing on McCabe firing	politics
7cr9bk	Trump tweeted about Podesta emails 15 minutes after WikiLeaks asked Trump Jr. to: report	politics
8r7c5f	Movement to call migrant detention centers 'concentration camps' swells online	politics
72zfsj	Last month, 83% of U.S. protests were against Trump	politics
662eq3	Trump’s old tweets are quickly becoming a minefield of hypocrisy	politics
77ijyy	Arizona Sheriff Joe Arpaio loses bid to have his criminal record wiped clean	politics
5zprr5	Donald Trump is going to cut Meals on Wheels to pay for Mexican border wall	politics
5mr4bh	Mitch McConnell ignoring cabinet confirmation procedure he demanded in 2009	politics
9r196i	Ted Cruz decries ‘incivility’ hours after calling for extrajudicial imprisonment of Democrats	politics
9djgo5	Booker Releases Committee Confidential Documents Related to Yesterday’s Testimony	politics
9b2sgj	'These are violent people': Trump reportedly told Christian leaders there will be 'violence' if the GOP loses in midterms	politics
73uym3	Trump’s company had more contact with Russia during campaign, according to documents turned over to investigators	politics
7sdxei	Trump's voter fraud commission requested records for all Texans with Hispanic surnames	politics
9tv2y7	To be clear: Seeking asylum at the border is not illegal	politics
63ermj	Donald Trump's 'looming' impeachment stops me voting for his Supreme Court pick, senator says	politics
99rcnn	Senate rejects Paul's effort to strip Planned Parenthood of federal funding	politics
84c3mp	Democrat Conor Lamb is the apparent winner of Pennsylvania special election in Trump country	politics
7setl9	Sessions Is Interviewed in Mueller’s Russia Investigation	politics
6fzxd2	Senate Republicans Reject DeVos' Proposed Education Cuts	politics
7q6ixa	Ex-Obama defense official on Hawaii false alarm: "Thank God the President was playing golf'	politics
7emxir	Retired Alabama cop on Roy Moore: ‘We were also told to … make sure that he didn’t hang around the cheerleaders’	politics
9ehk0w	Merrick Garland asked to probe perjury allegations against Brett Kavanaugh	politics
9vaivd	Press Corps Backs CNN's Jim Acosta, Calling Out Sarah Huckabee Sanders For 'Complete Lie'	politics
8lvf4k	'It's a f---ing circus': Experts are floored that White House officials attended highly classified briefings about the Russia probe	politics
9n0b89	FBI's Wray confirms limits on Kavanaugh probe	politics
44zv2i	McCain: Anyone Who Says Waterboarding Works is a Liar | "We tried Japanese generals and hung them for war crimes," said McCain. "One of the crimes was waterboarding."	politics
9o2uo0	Iowa Newspaper Says GOP Congressman Spends all his Time With 'Neo-Nazis' and 'Fascists', Endorses Democrats Instead	politics
5ta82l	US investigators corroborate some aspects of the Russia dossier	politics
9uj70g	Vote against all Republicans. Every single one.	politics
9qygaf	Asbestos Imports Surge as Trump White House Moves to Keep Deadly Carcinogen Legal	politics
7kpr5s	Fox Business host declares war on Trump’s tax plan: “I’m disgusted with our government right now”	politics
8n4ayt	Ivanka Trump abruptly exits White House conference call after questions on Chinese trademarks	politics
9kkqp1	Mutual friend of Ramirez and Kavanaugh anxious to come forward with evidence	politics
91krjg	It Used to Matter When a Politician Yelled ‘N-gger’	politics
