9v3ii2	Trump says government will halt if Dems investigate him	politics
9osr5g	Report: If Not for Republican Policies, the Federal Government Would Be Running a Surplus	politics
9vtv1k	Investigations are coming: Democrats will make government ethics the priority for 2019	politics
9q4hej	The Trump administration reportedly wants the government to revoke civil rights protections from transgender people	politics
9tp39v	Supreme Court refuses to block trial pushed by young people seeking to force government to act on climate change	politics
9udz9j	Trump claims he knows more about climate change than his government’s own scientists	politics
9msg5f	Mitch McConnell has done grave damage to all three branches of government	politics
9vjsno	Judge blocks Keystone XL pipeline, says government cannot ignore ‘inconvenient’ facts	politics
9unf4i	Discussion Megathread: US Midterm Elections 2018 (Part 1)	politics
9lz2qd	Megathread: Brett Kavanaugh confirmed to the Supreme Court by Senate 50-48	politics
9k5m8k	Young people sue federal government over inaction on climate change	politics
9scp79	Trump brands media 'true enemy of the people' just days after pipe bomb sent to CNN offices	politics
9oqdtp	McConnell Calls For Cutting Government Programs To Deal With ‘Disturbing’ Debt	politics
9rblif	Trump claims ‘I rarely use a cellphone’ in tweet sent from iPhone	politics
9vf6oh	Mark Warner scoffs at Trump’s threat of counter-investigations: ‘I’m not sure Mr. Trump understands that we’re independent branches of government’	politics
9pk8vt	The President of the United States Just Explicitly Endorsed Political Violence	politics
9pjqry	107,000 purged from Georgia voter rolls for not voting in past elections	politics
9rdf2f	Trump’s tweet claiming he 'only uses government phones' was sent from an iPhone	politics
9mphe4	Trump Isn’t a Self-Made Man. His Wealth Is the Product of Years of Government Subsidies.	politics
9ne1ql	Clinton fires back at Trump: 'You asked Russia to hack me on national television'	politics
9vbchp	Dem Rep: Trump 'Doesn't Understand How The Government Works'	politics
9t5jxq	Bolton says 'excessive' ethics checks discourage outsiders from joining government	politics
9vumrg	The government is raking in billions of dollars from Trump's tariffs. Americans are the ones paying.	politics
9nmrxh	Hi, I'm Stacey Abrams. If I win my "toss up" Georgia gubernatorial race, I'll be the first Black woman governor in America. Ask Me Anything!	politics
9oqzik	Republicans Are Outraged about the Deficit They Caused	politics
9uzzr3	Midterms 2018: Voters Ask a Federal Judge to Bar Brian Kemp from Counting Ballots in Georgia	politics
9t5e9b	The First Thing Democrats Will Do If They Win The House Is Pass Anti-Corruption And Voting Rights Reforms	politics
9udqhl	On climate change, Trump disavows his own scientists, government	politics
9tehu5	The convicted cop-murderer featured in a Trump ad came to U.S. under Bush and used AR-15 Republicans refuse to ban	politics
9v32dc	Schumer: Interfering with Mueller would spark 'constitutional crisis'	politics
9vxgsq	Republican dubbed 'Russia's favorite congressman' loses seat after 30 years	politics
9n9fon	“In Any Other Judicial System, the Government Cannot Just Take Away Your Kid”	politics
9n9prd	Investigative reporter Craig Unger: “Trump has had contacts with the Russian mafia for 35 years”	politics
9371wm	Koch-backed study finds ‘Medicare for All’ would save U.S. government trillions	politics
9uoag8	Blame Fox, not Facebook, for fake news	politics
9oep0p	Jared Kushner is a Power-Hungry ‘Prince’ With no Government Experience Like Mohammed Bin Salman, U.S. Intel Officials Say: Report	politics
9itk90	Texas board of education removes Helen Keller and Hillary Clinton from history texts, keeps Bill Clinton's impeachment, and Moses, whose “principles of laws and government institutions informed the American founding documents”	politics
9t9uqw	5,000 . . . 15,000 . . . Do I hear 25,000 troops for a useless border exercise?	politics
92xclx	Trump calls media 'very unpatriotic' for reporting on government affairs	politics
9v65tk	"Clear Attack on the First Amendment": Trump's Authoritarianism Denounced for Stripping Press Credentials From CNN's Jim Acosta	politics
9lc8m8	I Lived With Brett Kavanaugh At Yale. The FBI Never Returned My Call.	politics
9nkvhd	The government is finally tracking school shootings. The numbers are alarming.	politics
9sfxwz	Why aren't we calling the Pittsburgh shooting 'terrorism'?	politics
9unj40	‘Sean Hannity, come on up': Trump fawns over Fox News in final rally. ‘They’ve done an incredible job for us.’	politics
9qeqsi	Kushner Downplays Saudi Government Role in Khashoggi Murder	politics
9pj4k7	Heidi Cruz Torched Over 'Tone-Deaf' Lament About Ted Cruz's 6-Figure Senate Salary	politics
9tu84z	Noam Chomsky Calls Trump and Republican Allies "Criminally Insane"	politics
9qi5ex	Obama: When You Hear Economy's Improving 'Remember Who Started It'	politics
9mq583	Nikki Haley's resignation comes one day after an ethics watchdog requested an investigation into her acceptance of free flights on private jets	politics
9u60c4	The American civil war didn't end. And Trump is a Confederate president	politics
9rcswj	Porn-Watching Employee Infected Government Networks With Russian Malware	politics
9qujij	Brian Kemp owes more than $800,000 in insider loans to bank he helped start	politics
9vn9vq	Mail bombing suspect Cesar Sayoc indicted on 30 counts, faces life in prison	politics
9w4924	Trump blames deadly California wildfires on 'gross mismanagement of the forests,' but the federal government oversees 40% of them	politics
9nlyhv	Trump’s effort to rig the Census is a deepening scandal	politics
9oogjr	Trump’s Attacks on the Press Are Illegal. We’re Suing.	politics
9urctw	Evan McMullin: Americans must be prepared for Trump to escalate his authoritarianism post-midterms	politics
9ue51g	Trump’s DOJ Just Admitted under Oath That Citizenship Question ‘Not Necessary’	politics
9u5x3f	Mueller could soon roar back into the news	politics
9jv8u7	Under the Fog of Kavanaugh, House Passes $3.8 Trillion More in Tax Cuts	politics
9uo227	Fox News hosts are now stumping for Trump at rallies — and attacking their co-workers as “fake news”	politics
9o20iv	40 years ago we stopped the practice of separating American Indian families. Let’s not reverse course.	politics
9udp95	What this election is really about: Tax-cut-addicted Republicans are poised to slash Social Security and Medicare; Dems must rise to defend them	politics
9qleue	Democrats are now forbidden by law from controlling more than one half of one branch of government	politics
9hkw79	government loan forgiveness program has rejected 99% of borrowers so far	politics
9ens9g	As New Evidence Shows Judge Kavanaugh Committed Perjury Before the U.S. Senate Judiciary Committee, Government Watchdogs Call for an Impeachment Investigation	politics
9dcjnl	Trump calls on NY Times to turn senior official who wrote critical ‘resistance’ op-ed ‘over to government at once!’	politics
9tw4eh	Time to Expose the Women Still Celebrating the Confederacy	politics
9nwrqj	No Food, No FEMA: Hurricane Michael’s Survivors Are Furious	politics
9vuj3n	Trump voters stood by Trump in the midterms — but there just aren’t enough of them	politics
9opany	McConnell Blames Entitlements, Not GOP, for Rising Deficits	politics
9tjtz7	Incoming Police Leader Advocates Violence Against Left-Wing Protesters: 'It's Time We Forget About Restraint'	politics
9poi07	Saudi Arabia admits journalist Jamal Khashoggi was killed after a fight broke out in consulate	politics
9s2y9u	After Synagogue Shooting, Trump Retweets Supporter Who Had Retweeted Anti-Semitic Hashtag	politics
9fsypt	Manafort Plea Deal Includes Cooperation With Prosecutors	politics
9rujei	Dear concerned Semi-Trumpers, please resist a little and vote for Democrats in midterms	politics
9mfkwl	The Government Is Blacklisting People Based on Predictions of Future Crimes	politics
9qify2	Democrat says she felt 'sheer disbelief' after being left off ballot in 1 Arkansas county	politics
9vl9qm	Dems May Tack Mueller Protection Onto Must-Pass Year-End Spending Bill	politics
9hyzgq	New emails show NRA’s sway over Florida government officials	politics
9s7rc4	California woman wins $55,000 settlement after being wrongfully detained by ICE	politics
9ux7j8	There Is Now an Institution of the American Government That Isn't Controlled By—or Afraid of—Donald Trump	politics
9syjso	First Up if Democrats Win: Campaign and Ethics Changes, Infrastructure and Drug Prices	politics
9qorkr	The Supreme Court stepped in to stall a climate lawsuit. That’s really weird.	politics
9hgsgj	Trump admin moves $260M from cancer research, HIV/AIDS and other programs to cover custody of immigrant children costs	politics
9q6ivu	Yeah, California's upset about the undemocratic Senate and electoral college — because it should be	politics
9agq7p	Senator Warren on weed legalization: 'The federal government should just back off'	politics
9tuwfx	Trump’s border deployments could cost $200 million by year-end	politics
9uqu58	‘Guns Up!’: Georgia Three Percenters Threaten Violence if Stacey Abrams Wins Election	politics
9vunvc	Defeating Trumpism Is Going To Take Years	politics
9lbkcq	White House says FBI didn’t investigate Kavanaugh’s drunken blackouts because only Democrats care	politics
91ws31	When Paul Ryan leaves government, the federal deficit will be $1.2 trillion higher than when he arrived	politics
9rys8w	Campbell Soup VP who tweeted Soros conspiracy is out	politics
9syp8z	Job 1 for a Democratic House? A sweeping good-government bill, groups say.	politics
9az4zx	Trump’s economic adviser: ‘We’re taking a look’ at whether Google searches should be regulated	politics
9h9mi8	Trump ordered the government to declassify information he apparently hasn’t read	politics
9qdi2j	Lyft partnering with Latino activist group to take Dodge City voters to the polls after city moves only polling location	politics
9r4evg	$779 billion deficit has the Republican Party stamped all over it	politics
9vi0ie	Debt ceiling will be set to record high of $22 trillion, fund government to just summer	politics
9syl9k	'I’m not anti-Trump, I’m just pro-Jesus': the evangelicals stumping for the Democrats	politics
9od6kk	'They're Doing Us Like They Did New Orleans': Anger at Trump Inaction as Hurricane Michael Leaves Millions Without Power and Basic Needs	politics
9upta6	Rep. Adam Schiff talks about renewing Russia probe if Democrats flip the House	politics
9ruqtx	Staggering Voter Suppression In Georgia Could Keep Democrats Out of Power	politics
9ponb9	Saudi government acknowledges journalist Jamal Khashaoggi died while in that country’s consulate in Istanbul	politics
9p0uml	Barack Obama Brutally Shuts Down People’s Lame Excuses For Not Voting	politics
9rcgsq	Federal Judge: Unconstitutional for Trump to keep funds from sanctuary cities Portland, Seattle	politics
8sr0ii	Migrant children say they've been forcibly drugged, handcuffed, and abused in US government detention	politics
9tgpsw	Trump is an 'un-American American president': Former Fox News contributor calls Trump a 'draft dodger' in a speech that left no stone unturned	politics
9qo2vy	Pulitzer winner Chris Hedges: Donald Trump “is the product of a failed democracy	politics
9su268	Yellen says rising deficit is unsustainable: 'If I had a magic wand, I would raise taxes'	politics
9f6hpa	Poll: Midwest Abandons Trump, Fueling Democratic Advantage For Control Of Congress	politics
9ln9v5	A leading Holocaust historian just seriously compared the US to Nazi Germany	politics
9r1d5i	Wife of Supreme Court justice spreads fake news about the migrant caravan	politics
92dbqv	GOP Rep. Jason Lewis called people on government assistance 'parasites,' said blacks on welfare 'plantation'	politics
9p972v	Saudi Arabia ‘Coincidentally’ Wires $100 Million To U.S. Amid Khashoggi Controversy	politics
9echbr	Obama tells voters to step up or 'things can get worse'	politics
9fvbn4	Paul Manafort is the first Trump Tower meeting attendee to flip	politics
9j3mck	Christine Blasey Ford Offers Senate 4 Affidavits Backing Her Claim Against Kavanaugh	politics
9qdaqu	Some Presidential Lies Are Impeachable Offenses	politics
9rpxe4	Trump officials irked that Border Patrol union endorsed 3 Senate Democrats	politics
9o2kcr	U.S. Plans To Expand Tent Camp In Texas For Unaccompanied Migrant Children	politics
9c8e8z	If You’ve Been Enjoying All the Donald Trump Subtweets at John McCain’s Funeral, You’ll Love This Anti-Trump Film the U.S. Government Produced in 1943	politics
9d63v7	Discussion Thread: Supreme Court Nominee Brett Kavanaugh Confirmation Hearing Day 2	politics
9vmzr1	Rick Scott Really Doesn’t Want All the Votes to Be Counted in Florida	politics
9rp526	Elizabeth Warren’s New Housing Proposal Is Actually a Brilliant Plan to Close the Racial Wealth Gap	politics
948i60	US government official kneels during Pledge of Allegiance to protest Trump	politics
9ke4ye	Millionaire Sen. Chuck Grassley Applying For Trump's Farm Bailout Funds	politics
9pbwiq	The Saudi government banned Jamal Khashoggi from writing due to his criticism — of Trump	politics
9ul514	America loves to export democracy. So why does it make it so hard for its own citizens to vote?	politics
9ozp3c	Ted Cruz once shut down the government over Obamacare. Now, he vows to defend a key part of the law.	politics
9oqhzd	New government rules would restrict free speech near the White House	politics
9uwyda	Schiff: Democratic House Will Tackle the Oversight That GOP 'Abdicated'	politics
9o5kbp	Republicans join far-right figures at Montana anti-government event	politics
9vqi1u	If Trump and Whitaker Undermine the Mueller Investigation, That’s an Impeachable Offense	politics
9vdnsj	Youngest woman ever elected to Congress can’t afford a place in D.C. since she quit job for campaign	politics
9rv619	Republicans in U.S. House Vote for a Ban on Bans of Pesticides	politics
9bll5m	Trump Cancels Pay Raises for Federal employees	politics
9u4axf	Abbott donor’s shocking admission: Texas government is for sale	politics
9blb65	Trump says government won't give civilian employees raises in 2019	politics
9j239r	An 'Outrageous' Move by 'Chickensh*t' GOP as Grassley Schedules Kavanaugh Vote Less Than 24 Hours After Ford Hearing	politics
9u0xal	Conservatives want to bypass usual way to amend Constitution	politics
9pzt8j	Trump says GOP plans 'major tax cut' before midterms; Congress is out of session until Nov. 13	politics
9nlk42	Email Shows Mike Cernovich Soliciting Anonymous Comments from Government Employees	politics
9mqonq	Trump officials plan maintenance downtime for healthcare.gov during ObamaCare sign-ups	politics
9t95a2	Sen. Coons: GOP wants to repeal protections for pre-existing conditions	politics
9fc99p	Betsy DeVos Loses Student Loan Lawsuit Brought by 19 States	politics
9e364k	Trump might shut down the government because Sean Hannity and Rush Limbaugh think it's a good idea	politics
9ukdrb	The Night Before the Midterms, Democrats Appear to Be Gaining Ground Against Trump	politics
9t4bxu	Texas Republicans Appear to be Losing the Youth Vote to Democrats	politics
9tbvr3	How Did Sisters Fleeing Saudi Arabia End Up Bound And Dead In The Hudson River?	politics
9u3cln	Almost Half the Top Jobs in Trump's State Department are Still Empty	politics
9oothx	Trump says he has 'no financial interests in Saudi Arabia.' But his businesses have made millions from the Saudi government, and the crown prince gave his New York City hotel a huge boost.	politics
9lv83g	Dr. Christine Blasey Ford: Trump mockery of sexual assault claims ‘very hurtful’	politics
9vmwuj	In one of Sessions' final acts as Attorney General, he limited the government's oversight on local police	politics
9q6zmf	Giant 'Beto' sign stays, Houston-area couple tells HOA officials who want it gone	politics
9pljda	Trump's DC Hotel is 'Ground Zero for the Swamp,' Says Government Watchdog	politics
9vuxdn	Ocasio-Cortez Can't Afford An Apartment In D.C. Before Her Government Paycheck Kicks In	politics
9nt4ni	Even in the wealthy Texas suburbs, the GOP is struggling to sell its tax cut	politics
9ucqg0	Russian news sites are claiming an American civil war will erupt during the 2020 presidential election	politics
9mrbos	Nikki Haley has up to $1 million in debt as she steps down as U.N. ambassador	politics
9vx3r1	The government is raking in billions of dollars from Trump's tariffs. Americans are the ones paying.	politics
9se11j	U.S. Citizen, Detained Without Charge by Trump Administration for a Year, Is Finally Free	politics
9pk9nk	Thom Hartmann: Billionaire-Funded Fascism Is Rising in America	politics
9vk3ef	A Court Blocked A Law That Would Have Outlawed The High-Capacity Magazine Used By The Thousand Oaks Shooter	politics
9pmmq9	Joint Statement from the ODNI, DOJ, FBI and DHS: Combating Foreign Influence in U.S. Elections	politics
9gwfh8	‘Unprecedented’ Government Spending Spree Picks Up Speed; $300 billion in 3 months	politics
9oq2or	Federal Deficit Jumps 17 Percent As Tax Cuts Eat Into Government Revenue	politics
9h477g	Records: Chao government flights cost $94K	politics
9u4qla	The Watergate Roadmap Is a Reminder Honorable People in Government Can Make All the Difference	politics
9nezgz	Republicans who clucked that Clinton and Obama disrespected the Oval Office never heard Kanye West’s f-bomb	politics
986pmt	GOP fundraiser Broidy under investigation for alleged effort to sell government influence, people familiar with probe say	politics
9nakiz	It Sure Looked Like Kavanaugh Wasn’t Such a Fan of Due Process at Yesterday’s Oral Arguments	politics
9did5o	Kavanaugh stutters and stammers before admitting there are no laws that govern the male body	politics
9v3yp8	Good Riddance to Dana Rohrabacher, ‘Putin’s Man in Congress’	politics
9oy5o8	Poll: Rural Americans Rattled By Opioid Epidemic; Many Want Government Help	politics
9k2l6i	Public pressure isn't enough to ensure government ethics, experts say. Voters are getting scandal fatigue, and ideology plays a role.	politics
9pf8n0	Manafort has reportedly visited Mueller's office 9 times over the last month, for hours at a time	politics
9mkhks	Containing the catastrophe of Trump controlling all three branches of government	politics
9qht8u	Trump concedes there will be no new tax cut ahead of midterms	politics
9t1o41	Government finally releases Watergate report used to impeach Nixon, experts say it could guide Mueller's Trump probe	politics
9navlb	Republican support for one-party government control hits record: Gallup	politics
9qdzr8	The Rule of the Uber-Rich Means Either Tyranny or Revolution	politics
8y9usc	Government Says Half of Separated Kids Under 5 Won’t Be Reunited	politics
9p19hm	Ryan Zinke Has Fired the DOI Inspector General	politics
9m0cl1	Flint schools receive water stations, filtration systems from billionaire Elon Musk	politics
9vxl5t	Trump responds to worst fires in California’s history by threatening to withhold federal aid	politics
9lz0xh	The Supreme Court Is Now a Partisan Institution. Kavanaugh’s confirmation means Trump controls all three branches of government. There’s only one check left on the president.	politics
9dwwt5	Trump on shutting down the government: 'Rush Limbaugh says it’s the greatest thing you can do'	politics
9nklhv	'The Guy Who Defended Company That Caused Worst Oil Spill in US History' Just Confirmed to Head DOJ's Environmental Division	politics
9uqz4h	Steve King bars 'leftist propaganda' outlet Des Moines Register from election night event	politics
9jfnwo	Remember That Time Brett Kavanaugh Said Polygraphs Are Important In Making Hiring Decisions?	politics
92rn0e	Carmelo Anthony says the government 'completely turned their back' on Puerto Rico	politics
966nnp	Trump Threatens To ‘Suspend’ Protesting NFL Players ‘Without Pay’	politics
9onodg	Trump: 'I have no financial interests in Saudi Arabia'	politics
9rm4ql	General Motors CEO: We call for federal electric and zero-emission vehicle policies	politics
9tksdo	US to reinstate all Iran sanctions	politics
9uj4yc	Militia members arrive at New Mexico border town	politics
9uqv6q	Supreme Court rules state and local governments covered by age discrimination law regardless of size	politics
9w1vwm	Donald Trump to award biggest campaign donor’s wife medal of freedom	politics
9fuyzk	GOP candidate to blacks: stop 'begging for government scraps'	politics
9izhlr	As Debt Rises, the Government Will Soon Spend More on Interest Than on the Military	politics
9vdqzj	Kelly will reinstate protections for LGBT state workers in Kansas	politics
9ll8vs	Human Rights Watch Opposes Nomination of Brett Kavanaugh to the US Supreme Court	politics
9qyukb	ACLU Says Voting Problems in Arizona and North Dakota May Have Biggest Impact	politics
9onmiz	Here’s a list of every vulnerable House Republican who voted to gut pre-existing conditions coverage	politics
9w4p9i	Trump's Rising Debts Will Soon Force The U.S. To Spend More On Interest Than Medicaid, Defense	politics
9unerp	Ohio Election Day Discussion Thread	politics
9iru1c	Kavanaugh’s College Roommate Releases Statement About New Accuser: ‘I Believe Her’	politics
9vh6r8	Pelosi: Gun control ‘will be a priority’ in next House	politics
9qho0x	Mnuchin meets with Saudi Crown Prince despite growing outcry over government’s role in journalist’s death	politics
9vti8w	Trump threatens to pull federal funding for California wildfires over 'gross mismanagement'	politics
9hca5h	Putin encouraged Trump to distrust his own government.	politics
9vkimg	Acting attorney general says judges should have a 'biblical view of justice' – archive video	politics
9v4z7k	Republican Rep. Steve Knight Concedes California House Seat to Democrat Katie Hill	politics
9ufmx3	Republicans Undertake Last-Minute Wave of Voter Suppression	politics
9q9fqs	Does this GOP candidate actually want to ‘abolish’ the Department of Education?	politics
9qagog	Russia’s troll farm doubled its budget in early 2018	politics
9ucro3	Lawmakers Propose Social Media Hate Speech Checks Before Gun Purchases	politics
9ssb1b	After Pittsburgh Massacre, Netanyahu Faces Backlash for Endorsing Trump and Smearing Soros	politics
8uiq4q	CBS News interview with ICE whistleblower interrupted by surprise visit from government agents	politics
9g2twc	Guns Make You and Your Family Less Safe, Not More	politics
9shla7	America’s archaeology data keeps disappearing – even though the law says the government is supposed to preserve it	politics
9vnjmz	What the Bombshell Report on Stormy Daniels, Karen McDougal Payoffs Means for Trump Legally	politics
9tp8ys	Supreme Court refuses to block kids’ climate lawsuit against U.S. government	politics
9tmgcq	Democrats demand White House documents on FBI headquarters move	politics
9s4au9	Did Trump destroy the conservative movement? No — he cashed in on its darkest tendencies	politics
9llkv4	The Kremlin’s For Kavanaugh: Russian State Media Backs Trump's Supreme Court Nominee	politics
9k1og7	Hell hath no fury like an entitled white man denied	politics
9vokyc	McSally vs. Sinema is giving Trump and Republicans a panic attack	politics
9e8lv2	New Documents Affirm Kavanaugh's Hostility Toward Church-State Separation	politics
9qpncr	Arkansas Democrat was left off one county’s ballot as early voting began	politics
9piks8	Putin Hails Sunset of U.S. Global Domination Due To Mounting 'Mistakes'	politics
9q4szf	The Saudi government reportedly targeted and punished several dissidents after McKinsey identified them in a report	politics
9rzxhg	Thousands of absentee ballot applications “missing” in largely black Georgia county	politics
9hs9lv	Republicans stunned to learn voters understand exactly what their tax cut did	politics
95adhe	Now the Trump administration wants to limit citizenship for legal immigrants	politics
9j7iea	Rep. Duncan Hunter Suggests His Opponent Is Part of “Islamist” Plot to Infiltrate the Government	politics
9fl1as	U.S. government posts $214 billion deficit in August	politics
9snj67	White Supremacists Are Out of the Shadows and Running for Office	politics
9sc6so	The growing US deficit: It's a revenue, not a spending problem	politics
9j944d	Farmers across the United States will soon begin receiving government checks as part of a billion-dollar bailout to buoy growers experiencing financial strain from President Donald Trump's trade disputes with China.	politics
9pzsvz	Russia has allegedly been spreading far-right propaganda on Facebook to try and influence the US midterms — here it is	politics
8lroao	Where are small-government Republicans when Donald Trump attacks Amazon and Jeff Bezos?	politics
9uvnlr	Dems Take the House, Here’s Why Trump is in Huge Legal Trouble Now	politics
9rzign	Midterms About Saving Religious Freedom, Keeping Government Out of Satan's Hands, Says Rep. Mike Bost	politics
9twra9	A Homeland Security Analyst Tried to Warn the Government About a Rise in Right-Wing Extremism—Years Ago	politics
