9hu6e7	Scientists proposed a “Minimal Turing Test” where you get to use only one word to convince others you are human, and not a machine. The single word that people found most likely to distinguish a human from a machine based on a new study (total n = 3,000) was the word “poop”.	science
9uca3b	Scientists developed a nanometer-sized robot that can, for the first time, drill through eyeballs without damaging them, with a potential to be used as a minimally-invasive tool for precisely delivering drugs.	science
9r2ke9	MIT researchers have developed a technique to mass produce cell-sized robots out of graphene	science
9qxak9	Tiny robots no bigger than a cell could be mass-produced using a new method developed by researchers at MIT. The microscopic devices might eventually be used to monitor conditions inside an oil or gas pipeline, or to search out disease while floating through the bloodstream	science
94accf	New study finds that it’s harder for people to turn off a robot when it’s begging for its life. The robot told test subjects it was scared of the dark and pleaded: "No. Please do not switch me off."	science
9stt7k	Researchers modify small flying robots to anchor onto surfaces and pull heavy loads. Small flying robots can perch and move objects 40 times their weight with the help of powerful winches and two previous inventions – gecko adhesives and microspines.	science
9nf1b9	Same-sex mice have babies that go on to have their own pups	science
9r4rg6	A new study reveals how elephants eat a whopping 440 pounds of food each day using just their trunk. The find could help build better industrial robots.	science
9p07my	New robot helps the elderly exercise and detects underlying health problems	science
8p0ovz	Engineers developed tiny ultrasound-powered robots that can swim through blood, removing harmful bacteria along with the toxins they produce. These proof-of-concept nanorobots could one day offer a safe and efficient way to detoxify and decontaminate biological fluids.	science
9fqyux	A novel flying robot has been developed which can mimic rapid insect flight. The machine is presented as the world's first autonomous, free-flying and agile flapping-wing robot.	science
9kv0le	Sperm-inspired robots could be the next big thing in drug delivery	science
9hh22m	Researchers develop wearable robotic skins that can turn inanimate objects into robots capable of performing basic tasks. The skins are elastic sheets embedded with a network of sensors and actuators that flex and relax like a muscle. They can also link together to form more complex machines.	science
9hf9id	‘Robotic Skins’ turn everyday objects into robots	science
99g45s	A study has found significant improvements in the social skills of children with Autism Spectrum Disorder (ASD) after a month of working with robots. The robots helped the children learn social skills such as emotional understanding, taking turns, and seeing things from others’ perspectives.	science
9927ga	Children more likely to believe robots' answers than their own, study suggests. This raises opportunities as well as concerns for the use of social robots with young and vulnerable cross-sections of society; although conforming can be beneficial, the potential for misuse cannot be ignored.	science
7qefbd	A study has found that junior surgeons need years of training before becoming excellent surgeons. However, with the advent of robotic surgery, the junior surgeon's practice is significantly reduced, and evidence suggests that junior surgeons don’t acquire the skills they require.	science
9jabuz	Fiberglass-spinning robots could be construction workers of the future - The bots could be used for construction in remote places such as on the seafloor or in space	science
7j8d6x	Cockroaches change their gait at mid-speed, a behavior previously only observed in fast mammals. This change in gait is similar to the way horses change from trot to gallop. The discovery could help engineers train robots to walk more stably and efficiently.	science
90520y	AI plus a chemistry robot finds all the reactions that will work. Given a set of starting materials, it will figure out every reaction among them.	science
8l0s2q	Robots grow mini-organs from human stem cells. A robotic approach to mass-producing organoids could accelerate regenerative medicine research and drug discovery.	science
982d2b	Presence of a threatening humanoid robot, like that of a judgmental human improves human performance on an attention task	science
901ecg	Humans Show Racial Bias Towards Robots of Different Colors: Study	science
7zg9ss	Researchers create a roadmap for reducing radiation exposure to future astronauts who colonize space. It involves gene therapy, tissue and organ engineering, extended hibernation, and the use of RadAway-style drugs.	science
9hf941	OmniSkins: Robotic skins that turn inanimate objects into multifunctional robots.	science
847xtn	New research strongly suggests the days of high manufacturing employment in the U.S., and just about every other country, are over. With each manufacturing shift abroad, the share of manufacturing jobs in the new country peaks at a lower level than in the previous country.	science
97q72e	In a new study examining peer pressure from robots, school-aged children tended to echo the incorrect but unanimous responses of a group of robots to a simple visual task, while adults who often go along with the errant judgments of human peers resisted such social pressure applied by robots.	science
7tg61z	Scientists in South Korea have created humidity-powered microbots called "hygrobots" that require no external power input to achieve locomotion.	science
904bzb	A robot instructed by a machine learning algorithm and coupled with real-time spectroscopic systems provides fast and accurate reaction outcome predictions and reactivity assessments, leading to the discovery of new reactions.	science
7rxhce	AI progress has often been measured by the ability to defeat humans in zero-sum encounters (e.g. Chess or Go). Less attention has been given to human–machine cooperation. Scientists develop an algorithm that can cooperate with people and other algorithms at levels that rival human cooperation.	science
900ei4	Researchers at Glasgow University have built a robot which uses artificial intelligence (AI) to discover new molecules	science
87hthf	Science AMA Series: We’re roboticists at MIT’s Computer Science and Artificial Intelligence Laboratory who developed a soft robot fish that can swim in the ocean. Ask us anything!	science
8nise1	New hybrid robot uses living rat muscle tissue to move like a finger	science
68fyx0	No bones needed: ancient DNA in soil can tell if humans were around	science
7t5m1m	Christian religious believers implicitly think of God as a person, even after a lifetime of religious devotion.	science
8yivon	Diagnosis of major depressive disorder based on changes in multiple plasma neurotransmitters: a targeted metabolomics study	science
8d8wi3	An autonomous robot can now assemble an IKEA chair from scratch in less than 21 minutes	science
67vkn8	Engineers have created bricks out of simulated Martian soil. The bricks are stronger than steel-reinforced concrete and have low permeability, suggesting that Martian soil could be used to build a colony.	science
7mtxkm	Italian researchers have helped show that robots can develop basic human emotions such as fear and use them to respond more efficiently under stress.	science
5pad01	Harvard's soft exosuit, a wearable robot, lowered energy expenditure in healthy people walking with a load on their back by almost 23% compared to walking with the exosuit powered-off. Such a wearable robot has potential to help soldiers and workers, as well as patients with disabilities.	science
7ur4iz	Science AMA Series: We see an opportunity to achieve a deeper understanding of intelligence. We are MIT faculty members Anantha Chandrakasan, Daniela Rus, and James DiCarlo. AMA!	science
71xyr5	Scientists create world’s first ‘molecular robot’ capable of building molecules	science
7uinlk	Science AMA Series: I’m Serdar Uckun, COO of precisionLIFE - RowAnalytics. I’m one of only a few people who have done both brain surgery and rocket science. I’ll take questions on the application of artificial intelligence to the field of medicine. AMA!	science
7ey2qn	Scientists created a mini biohybrid robot using algae, to travel through people in response to magnetic signals, that could one day carry drugs to specific parts of the body, minimizing side effects. What’s more, the robot—and its magnetic coat—appear to kill cancer cells.	science
8l0ja5	Smallest house in the world. Built by robots.	science
8r95pw	Biohybrid robot powered by an antagonistic pair of skeletal muscle tissues	science
867dqg	The Hidden Footprint of Making All Farms Organic: eliminating synthetic fertilizer, and making up for both the yield gap and the shadow footprint, would require at least an extra Australia-sized amount of land — between 40% and 100% more agricultural land than the amount we use today.	science
8g29nu	Robots still can’t compete with the fastest-jumping animals and insects. New research helps explain why nature still beats robots, and describes how machines might take the lead.	science
7tbb03	2017 was the warmest year on record for the global ocean	science
864idb	An MIT-Made Robot Fish Will Study the World's Fragile Coral Reefs Unobtrusively: “You can start duplicating and make several of these robotic fish to use them almost like a network of sensors and cameras,”	science
8jvhbe	Self-propelled mindless tiny robots work together to move a corral	science
6zu5wq	Stretchy Artificial 'Skin' Could Give Robots a Sense of Touch	science
709oqm	Scientists invent robots that ‘team up’ to form larger robots. IRIDIA AI intelligence lab, focused on getting robots to behave as independent units by default, but also join forces and become a single machine when required.	science
5b9i6t	Science AMA Series: I’m the MIT computer scientist who created a Twitterbot that uses AI to sound like Donald Trump. During the day, I work on human-robot collaboration. AMA!	science
7rhtn6	Scientists create ultrafast robot arms from DNA by using electric fields to speed up their movements by five orders of magnitude over previous DNA systems	science
7xjtoe	A team of researchers has found a simple approach to getting a robot to change planes when running into a wall—follow the example of the cockroach—it just headbutts the wall its physical shape causes it to start climbing upwards.	science
5d2dk7	ACS AMA: Hi Reddit! My name is Dr. John M Newsam CEO of Tioga Research, Inc. Ask me anything about the skin or materials applied to the skin, or about founding and building a small company.	science
7t66s2	Engineers develop tiny, soft-bodied robot capable of navigating tight, enclosed spaces. It is modeled after the larvae of beetles and caterpillars. The robot hasn’t been tested in humans yet, but the goal is to improve it for medical use — for instance, delivering drugs to a target within the body.	science
6u1988	For the first time, micromotors (like miniature robots) have been used to actively deliver antibiotics to successfully treat stomach infections in mice.	science
7pf68k	Ethnographic study of top-tier hospitals finds surgical training is being disrupted by surgical robots; residents have less opportunities for hands-on training and engage in shadow learning practices	science
5rez2g	Engineers at MIT have fabricated transparent, gel-based robots that move when water is pumped in and out of them. The bots can perform a number of fast, forceful tasks, including kicking a ball underwater, and grabbing and releasing a live fish.	science
4ckc8g	Scientists have built autonomous nanobots powered only by chemical energy that can "sense" their environment and repair broken circuits too small for a human eye to see.	science
7jsn5n	Japanese researchers have developed robots capable of adapting to unexpected physical damage. The robots were inspired by a starfish-like marine organism.	science
558bi4	Don't worry, bee happy: Bees found to have emotions and moods	science
5fbejx	Researchers at the University of Toronto have succeeded in teaching an AI to learn from human instructions rather than from data, which increased its learning performance by 160%. Also, the algorithm outperformed its training by 9%.	science
6t4oel	Artificial intelligence identifies plant species for science. Deep-learning methods successfully classify thousands of herbarium samples.	science
7reaw9	Scientist Develop the First DNA Nano-robot with Precise Rotary Motion Controlled by Electric Fields	science
5uo41a	Researchers discover faster, more efficient gait for six-legged robots walking on flat ground. Bio-inspired gaits used by real insects are less efficient for robots. Results provide novel approaches for roboticists and new information to biologists.	science
7oid1c	Scientists are developing self-healing robot muscles that work just like our own	science
7jl0iu	Researchers develop new battery-free power source that mimics electric eels. The biocompatible device could one day power implants, prosthetics, and soft robots.	science
6v8nta	We Have First-Ever Evidence That Mars Gets Intense Snowstorms in The Dead of Night	science
7piqrp	A robot that gently tugs on pig organs can actually make them grow new cells—pointing to a potential new treatment for human long-gap esophageal atresia and short bowel syndrome.	science
60txb4	People Afraid of Robots Are Much More Likely to Fear Losing Their Jobs and Suffer Anxiety-Related Mental Health Issues, Baylor Study Finds	science
5ovrjp	Harvard University and Boston Children’s Hospital researchers have developed a customizable soft robot that fits around a heart and helps it beat, potentially opening new treatment options for people suffering from heart failure.	science
6g1sm7	Artificial intelligence predicted whether patients would die within five years with 69% accuracy by looking at chest scans.	science
4easwo	A new study shows that a swarm of hundreds of thousands of tiny microbots can be deployed into industrial wastewater to absorb and remove toxic heavy metals. The researchers found that the microbots can remove 95% of the lead in polluted water in one hour.	science
5kthcu	Scientists have developed a transparent, self-healing, highly stretchable conductive material that can be electrically activated to power artificial muscles and could be used to improve batteries, electronic devices, and robots.	science
48rry9	Science AMA Series: We are engineers and videographers with the Global Foundation for Ocean Exploration and we design, build, and operate underwater robots that explore the deep ocean and the large lakes of the world. Ask Us Anything!	science
2ll3ik	Study finds that when people don't like the political implications of the solution to a problem, they are more likely to deny the problem exists at all.	science
6vqdcl	Robot suit helps children with cerebral palsy to walk better - Sensors on the exoskeleton legs monitor each step, which is then processed by a computer housed in a backpack, and actuators give a muscular boost, improving posture and easing the strain, as reported in Science Translational Medicine.	science
6olc7l	Artificial intelligence can help better diagnose schizophrenia, says U of A and IBM researchers. The model was able to predict instances of schizophrenia with 74% accuracy.	science
6fqefh	Woebot: An artificially intelligent chatbot using CBT to treat depression. Woebot group had a significant reduction in depression than the control group.	science
70aivj	Robots made of a single strand of DNA can walk around a platform, pick up genetic cargo, and drop it off at a specific site, according to a study in Science.	science
60zh0z	Engineers have designed a microfluidic device they call a "tree-on-a-chip," which mimics the pumping mechanism of trees and plants. Like its natural counterparts, the chip operates passively, requiring no moving parts or external pumps.	science
6s5bly	Humans prefer interacting with faulty robots significantly more than with robots that function and behave flawlessly.	science
35j971	Search for advanced civilizations beyond Earth finds nothing obvious in 100,000 galaxies	science
4oiww0	"Researchers ... have now developed smart threads that detect the strength and location of pressures exerted on them"	science
4k5ted	Engineers at MIT and Harvard have designed a tiny bee-like robot capable of pausing mid-flight to perch on a variety of objects before once again taking to the air. The robot uses static electricity to momentarily cling to the underside of objects.	science
4ybnwq	Astronomers capture image of small star before and after classical nova	science
5xzj41	A japanese research group has developed a molecular robot consisting of biomolecules, such as DNA and protein that can start and stop its shape-changing function in response to a specific DNA signal.	science
74w6np	The rise of respectful robots	science
6acjlv	Personality Factors Are Best Defense Against Losing Your Job to a Robot - Researchers say people who are more intelligent and who showed an interest in the arts and sciences during high school are less likely to fall victim to automation.	science
50si4n	It is now possible for machines to learn how natural or artificial systems work by simply observing them, without being told what to look for, according to researchers.	science
54vpe4	Science AMA Series: I’m Jessy Grizzle, the inaugural Director of Robotics at the University of Michigan. My group produces some of the world’s most advanced algorithms that allow bipedal robots to walk over uneven terrain. AMA!	science
7aji8h	Improving therapeutic outcomes in autism spectrum disorders: Enhancing social communication and sensory processing through the use of interactive robots.	science
2ouxek	"Smart" prosthetic skin takes us one step closer to functional prosthetic hands.	science
71iibu	New Remora-inspired 'ultra-sucker' can let robots attach themselves to sharks and much more.	science
78qluh	Robot bees can fly, swim, and dive out of water using tiny rockets	science
3ow8e9	Engineers have created a plastic "skin" that can detect how hard it is being pressed and generate an electric signal to deliver this sensory input directly to a living brain cell.	science
7cg75k	A biologically inspired, flapping-wing, hybrid aerial-aquatic microrobot - Researchers have designed a new RoboBee that can fly, dive, swim and launch itself back out of the water, as reported in Science Robotics.	science
6k1ou1	Moisture-Responsive ‘Robots’ Crawl with No External Power Source - Researchers used graphene oxide to make a spider-like crawler and claw robot that move in response to changing humidity without the need for any external power.	science
74o9xv	People with a better sense of time handle remote-control robots better	science
6rvvla	A new 'soft robot' navigates its environment by 'growing.' Pressurization of an inverted thin-walled vessel allows rapid and substantial lengthening of the tip of the robot body, and controlled asymmetric lengthening of the tip allows directional control.	science
1mn2ld	Scientists have identified the body language that ensures bartenders will serve you first in a busy bar.	science
6sd7y6	When humans collaborate with robots, planning and scheduling of work present unique challenges with regard to preserving human situational awareness and optimizing workload allocation to human teammates while also respecting their workflow preferences	science
26ft3t	HIV can cut and paste in the human genome: For the first time researchers have succeeded in altering HIV virus particles so that they can simultaneously, as it were, ‘cut and paste’ in our genome via biological processes. The technology makes it possible to repair genomes in a new way.	science
1mungf	Water on Mars: Curiosity Rover Uncovers a Flood of Evidence	science
141q17	Scientists successfully create virtual brain	science
72851v	Robots learn to walk naturally by understanding their bodies	science
6hthd6	Ground spiders (Gnaphosidae) specialize in catching prey that fights back fiercely, including ants and other spiders. They snare their prey with an unusually glue-like silk, which evolved from a thread normally used to anchor a web’s structural silks to surfaces.	science
6ortad	Magic Bots: Vine-Inspired Robots Can Grow on Demand	science
1fcujz	Nasa's Curiosity rover has confirmed what everyone has long suspected - that astronauts on a Mars mission would get a big dose of damaging radiation.	science
6s8xjh	How can a robot decide when it's OK to interrupt humans? Latent-Dynamic Conditional Random Fields (CRFs) outperform other approaches.	science
709w5n	DNA robots sort as they walk	science
233ir0	I am Dr. Dante Lauretta, I study the chemistry of our solar system, extrasolar systems, and am building a robot to visit an asteroid and return a sample to Earth – the OSIRIS-REx NASA Mission, AMA!	science
5rhe7n	Scientists have engineered the first autonomous robot that can fly like a bat. It has an ultra-thin membrane stretched over a carbon-fiber skeleton, an onboard computer and five motors, yet only weighs as much as two golf balls.	science
6afqer	3D-printed ‘bionic skin’ could give robots the sense of touch - Engineering researchers at the University of Minnesota have developed a revolutionary process for 3D printing stretchable electronic sensory devices that could give robots the ability to feel their environment.	science
3zpkkl	Science AMA Series: I am Sumeet Vadera, a neurosurgeon who specializes in epilepsy surgery at University of California, Irvine, Ask Me Anything!	science
6u0zgr	Tiny robots crawl through mouse's stomach to release antibiotics	science
6zomwi	A new study in Nature Communications suggests that morphing robots may finally outgrow the limits of fiction. The researchers were able to get autonomous modular robots to join forces and make one cohesive megabot.	science
6s69qt	New magnetic microbots can capture and carry single cells. Scientists have designed a tiny robot made of microscopic cubes capable of changing shape to capture and carry single cells when triggered by a magnetic field. Once initiated, the microbot can derive energy from the surrounding environment.	science
22s1on	New study of the physics behind fruit flies' sharp, banked turns could change how we build flying micro-robots, according to a paper published today in Science.	science
6pbdpn	Researchers have developed an algorithm designed with a robot-assistive rehabilitation approach, to help people learn to walk again after neurological injuries such as stroke.	science
4xcw1d	Researchers reprogram brain cells in mice with thin beam of light demonstrating that a set of neurons trained to fire in unison could be reactivated as much as a day later if just one neuron was stimulated. Their findings suggest that groups neurons may form the basic building blocks of learning	science
448wl0	According to a new theoretical study, when our solar system was born only 8% of the potentially habitable planets that will ever form in the universe existed. The bulk of those planets (92%) have yet to be born.	science
6s1kv7	If robots are going to help dress people, we need to infer applied forces. Positive results were obtained from a long short-term memory (LSTM) network that at each time step takes a 9-dimensional input vector of force, torque, and velocity measurements from the robot’s end effector	science
6stwdi	If we send a robot on a mission, how do we judge if it was successful? Researchers have a new approach to verification of robot performance in uncertain environments	science
70a2gk	DNA robots sort as they walk	science
f40o9	Awesome video of memory chip production: this is why I LOVE living in the 21st century.	science
49uztf	Science AMA Series: I'm Nadia Thalmann, head of the MIRALab Research Lab at the University of Geneva, chair the Institute for Media Innovation in Singapore at NTU, and Editor-in-Chief of Springer’s The Visual Computer. I led development of Nadine, one of the most realistic robots in the world. AMA!	science
f1g77	BRAIN TRANSFER - no joke, this is the most mind blowing video I have ever seen, did I miss that day in bio or something? mind = utterly blown.	science
619r8o	Robots could help children give evidence in child abuse cases	science
2sdt18	Researchers have grown human skeletal muscle in the laboratory that, for the first time, contracts and responds just like native tissue to external stimuli such as electrical pulses, biochemical signals and pharmaceuticals.	science
6t0xun	How can multi-robot teams rendezvous when some are not following policy? Researchers test a fault-tolerant distributed control algorithm	science
5v7mcb	Vaccine achieves 8-month protection against heterologous malaria challenge	science
12z5he	Here's Footage of New Species of Carnivorous Sponge Discovered in Deep Sea - It catches prey, envelopes it in membrane & digests it whole	science
qdl0g	Robot fish accepted by real fish -- assumes leadership role in steering the school	science
5q9mkk	Mini light gyroscope made. The smallest optical gyroscope yet made fits onto a computer chip with a volume of just 15 cubic centimetres. Instead of producing interference in a large fibre-optic loop, the light resonates inside a minuscule crystalline cavity	science
5poirk	Materials have been created that could allow robots to replicate the capacity of geckos to climb vertical surfaces and hang upside-down, and the latest version can be turned on and off using a specific wavelength of light, solving the problem of how to unstick the pads when it is time to move.	science
4iyz0h	Five-fingered robotic hand learns by itself how to grab and manipulate objects.	science
4zzpiv	The first autonomous, entirely soft robot. Powered by a chemical reaction controlled by microfluidics, 3-D-printed 'octobot' has no electronics	science
223bh5	Researchers have got computers to teach other computers. One computer taught another to play Pac-Man, and the student soon surpassed its master.	science
5t1acd	Flying robot equipped with gel-coated fibers artificially pollinates flowers	science
h4s1j	In an artificial life experiment, organisms have evolved altruism.	science
6ag6sy	3D-printed ‘bionic skin’ could give robots the sense of touch	science
2on3w4	Chemists create ‘artificial chemical evolution’ for the first time	science
62z2wb	A team of engineering researchers has made a fundamental advance in controlling so-called soft robots, using magnetic fields to remotely manipulate microparticle chains embedded in soft robotic devices.	science
rpcjn	MIT has us on our way to pre-programable matter.	science
64r6ex	Musculoskeletal Lower-Limb Robot Developed Using McKibben Multifilament Muscles	science
5pzdv3	Researchers have built a fleet of mini underwater robots designed to mimic plankton existence. It is the first time such technology has been tested underwater. Researchers designed the swarm of bots to help them understand how and why plankton move and accumulate as they do.	science
1fzjba	The University of Minnesota uses thoughts to control a flying robot	science
xzvzz	Researchers from MIT, Harvard create soft autonomous robot that inches along like an earthworm [with video]	science
5fipu7	Study Shows It Takes Less Than a Second To Tell Humans and Androids Apart	science
2uv4ze	New algorithms allow autonomous systems to deal with uncertainty	science
66gz6n	Facebook is working on a way to let you type with your brain ( without using your fingers )	science
c7e34	Holy crap	science
9gbuh	A way to significantly cut manned missions to Mars costs - don't bring the astronauts back	science
4hvtdx	For the first time, a robot has successfully operated on live soft tissue without human assistance.	science
w9wpw	Rising plastic menace choking sealife:  The amount of plastic pollution in the Pacific Ocean has reached alarming levels, drastically impacting seabird populations, according to a new study.	science
3rr9ek	Science Ama Series: We're Josh Bongard and Mark Wagy, and we just published a paper about crowdsourcing robotics. Ask Us Anything!	science
hul8h	Scientists create an artificial brain -- now with a 12-second memory!	science
cyqcp	Robot to explore mysterious tunnels in Great Pyramid	science
byf7m	This Robot Will Put Your Balance To Shame.	science
bhnyg	Photograph of nanobots killing cancer	science
2lhtji	Ghostly presences – the feeling of someone near you when there's no one there – could be down to your brain trying to make sense of conflicting information. For the first time, the brain regions involved in such hallucinations have been identified – and a ghost presence induced in healthy people.	science
641v03	Research has discovered that bees have much better vision than was previously known, offering new insights into the lives of honey bees, and new opportunities for translating this knowledge into fields such as robot vision	science
8i4ya	The Last Question by Isaac Asimov [a reddit classic]	science
a25wr	Soft body robotics. The future is going to be   awesome.	science
18tpba	Rat Robot Beats on Live Rats to Make Them Depressed	science
69249i	In a first, deep sea robots get a close look at giant larvaceans, a key player in the biological carbon pump	science
1fyjxr	Opportunity Rover Finds New Evidence That Ancient Mars Was Habitable	science
ptu10	Scientists have developed and tested a "DNA robot" that targets cancer cells by releasing antibodies that halted the cells' growth.	science
ltxag	Researchers have created artificial muscles that can twist 1,000 times more than any suitable material made in the past - a development that could prove useful in robots and prosthetic limbs	science
38gp73	Deep brain stimulation has been used to treat thousands of patients with advanced Parkinson’s disease, but we still aren’t sure how it works to reduce symptoms. New research, however, suggests it may work by reducing abnormal synchronization of neural activity in the basal ganglia and motor cortex.	science
9kr24	New military robot 'hops' over walls [w/ awesome VID]	science
4cmnsy	Scientists have created a "insect–computer hybrid legged robot using a living beetle" which gallops on command, and can be reliably be microcontrolled	science
2977sz	NASA's Deep Space Program	science
20mkeg	Earth like planets are right next door.	science
pw1aw	DNA robot could kill cancer cells! 	science
f8t25	Robots that are forced to  learn how to 'crawl' before they learn to 'walk' are able to learn to walk faster than robots that begin upright.	science
16ijwo	UV light emitting robot disinfects hospital rooms in minutes: A recent study showed that the Xenex bot is superior to bleach at destroying one of the most concerning pathogens in hospitals, the resilient Clostridium difficile (C. diff) that can survive for months on surfaces.	science
itacu	New Planet May Support Life and Orbits Two Stars	science
7vyut	It's official: robotics scientists are now just daring the things to kill us.  An Aberdeen University have built a robot programmed to fulfill one objective no matter what, to evolve in order to do so, and to make use of extra materials when they're available. 	science
2lym08	Remote-control robots reveal why the Antarctic ice sheet is melting. Loss of Antarctic ice is largely caused by warm water at the coast melting the edges of the ice sheet.	science
1jhrz6	Religious experience may be linked to atrophy in the hippocampus	science
5q08ff	Researchers build fleet of mini underwater robots designed to mimic plankton existence. They were specifically keen on figuring out why plankton tend to concentrate in "patches" just beneath the ocean surface, only later revealing their presence during red tides and similar phenomena.	science
a4s2c	The end is near.  They have weaponized BigDog.	science
3rdy3g	Humans feel empathy when they see a human-shaped robot hand get hurt, similar to when they see an actual human hand hurt. EEG devices measured the neurological responses when images were shown of human or robot hands being cut with a knife.	science
1wq8jh	Rudimentary Computer Built From Nanowires: A rudimentary nanocomputer built from an array of tiny wires could point the way to skirting the limits of Moore’s Law and lead to new kinds of biosensors or microcontrollers for robots.	science
22s0ef	Tiny, Logical Robots Injected into Cockroaches that function as programmable logic gates.	science
hbjom	Scientists plan to sail robot boat on methane lake of Saturn's moon Titan	science
2eg2ug	Researchers have developed a new process which will greatly simplify the process of sorting plastics in recycling plants. The method automatically identifies polymers using their fluorescence fingerprint. Automated polymer identification will facilitate the rapid separation of plastics for re-use.	science
2dlvge	A swarm of a thousand cooperative, self-organising robots: In a lab, the world’s largest swarm of cooperative robots is building a star.. out of themselves. There are 1024 of these inch-wide ‘Kilobots’, and they can arrange themselves into different shapes, from a letter to a wrench	science
162mec	Robots Find Barrier Reef Coral at Extreme Depths, 125 Metres, 4 Times Deeper Than Scuba Limit	science
7eil2	Astronaut who lost tool bag admits she blew it.	science
1mkq8d	Scientists grow mini brains from stem cells	science
2oqtka	Laser beams predict apple ripeness	science
1sgkid	A neuroscientist's radical theory of how networks become conscious (Wired UK)	science
50o1tl	A team of researchers from Caltech and Harvard has designed and created mechanical chains made of soft matter that can transmit signals across long distances. The circuits could be used in machines such as soft robots or lightweight aircraft constructed from pliable, nonmetallic materials.	science
39m2nv	Computer scientists are training robots by making them play Minecraft. Robots trained with Minecraft then perform better at a real world task: helping people make brownies.	science
3gmd4p	Simple Robots Evolve to Become Cooperative	science
1ssi1m	Scientists create sperm-based robots	science
910wy	Cyborg Silkmoth: Insect with wheels wired up to its brain [Pic]	science
1x549x	Robots with insect-like brains react to stimuli: Researchers develop a robot that can learn to navigate through its environment guided by external stimuli	science
1s8of4	Fractal geometry of cancer cells - Malignant and healthy cells display different fractal patterns	science
2n0yp9	This is the first look at what happens to uranium fuel during a nuclear meltdown	science
8juoo	Please nominate Bender Bending Rodriguez for the Robot Hall of Fame	science
kvlh5	Tool-using fish caught for first time on video	science
szwgd	Graphene helps create artificial muscle that acts like the real thing	science
4d3dcw	Robots record brain activity inside neurons	science
3atw0b	Putting a cockroach-like shell on a small robot allows it to slip through cluttered environments, using "terradynamic" streamlining.	science
w4fll	Most human-like robot legs developed  	science
3dlzp8	Virginia Tech scientist develops model for robots with bacterial brains: Scientist used a mathematical model to demonstrate that bacteria can control the behavior of an inanimate device like a robot	science
4tog6v	Scientists engineer micro robots that consist of two conjoined magnetic microbeads coated in iron oxide debris. They are designed to swim, replicating a fluid motion in the simplest manner possible. Researchers say the microbots could be used for tissue incision or to puncture retinal veins.	science
b5iwc	This is a photograph of a robot (Phoenix) descending to Mars. The photo was taken by ANOTHER robot (Mars Reconnaissance Orbiter). [pic]	science
b36hm	It weighs almost a tonne, has cost more than $2bn and, in 2013, it will be lowered on to the surface of Mars with a landing system that has never been tried before.	science
65ha5	Robots Evolve And Learn How to Lie	science
298cjp	Avoiding “Sagan Syndrome.” Why Astronomers and Journalists should pay heed to Biologists about ET.	science
1j9z0s	Scientists create extremely thin, cheap and feather-light electronics that can be worn like a second skin	science
1i5dm2	Next Nasa Mars rover to hunt ancient life	science
44thg8	Cockroach inspires robot that squeezes through cracks	science
4dhsf8	Touching a robot's intimate areas can elicit physiological arousal in humans	science
cvtgk	Brain On a Chip	science
1gqtah	Whole human brain mapped in 3D: Ten-year 'BigBrain' effort yields 10-trillion-byte atlas of fine-scale cerebral anatomy	science
6kr5j	Phoenix Landing Successful!	science
1xstzg	Animals bow to their mechanical overloards: Engineers make robot fish,roaches,bees & chickens that infiltrate animal societies and seize control.	science
4rs6gh	When early terrestrial animals began moving about on mud and sand 360 million years ago, the powerful tails they used as fish may have been more important than scientists previously realized. That's one conclusion from a new study of African mudskipper fish and a robot modeled on the animal.	science
6yxi1	Stanford's autonomous helicopters teach themselves how to fly, by observing other helicopters...and they can replicate stunts too. Oh shit!	science
mossi	Robot guards to patrol South Korean prisons, detect abnormal behavior	science
1f4yc5	Rats have a double view of the world	science
89qys	Oh God. A laboratory robot called Adam has been hailed as the first machine in history to have discovered new scientific knowledge independently of its human creators.	science
6sq5e	LHC Cooldown Status	science
6gm4c	Stephen Hawking calls for Moon and Mars colonies	science
13trj4	Cambridge University's Centre for the Study of Existential Risk seeks to determine the likelihood of a robot uprising	science
4s9zk5	A robot helps scientists understand how amphibious fish made their first steps onto dry land.	science
4v1612	Microswimmer robot chains can decouple and reconnect in magnetic field- this data helps further the concept of using microrobots for targeted, intravenous drug delivery, surgery and cancer treatment.	science
auomg	Obama is likely to cancel the Constellation program.	science
