9to3sd	Study: Tetris is a great distraction for easing an anxious mind - Tetris players can achieve a state of blissful distraction known as "flow." People in such a state become completely absorbed and lose their sense of space and time, and as a result, experience less anxiety and stress.	science
9jem15	Researchers at the University of Tokyo accidentally created the strongest controllable magnetic field in history and blew the doors of their lab in the process.	science
9rhge5	Exposure to nature improves well-being by expanding space perception and reducing impulsivity, finds a new study (n = 609).	science
9ponmt	People who commute through natural environments report better mental health, finds a new study of nearly 3,600 participants from four European cities. Natural environments include outdoor spaces that contain ‘green’ and/or ‘blue’ natural elements and all types of waterbodies.	science
9tzncn	For The First Time, Physicists Created a "Fifth" State of Matter in Space.	science
9u3d51	Neuroscientists have discovered “posture cells” that could help finally explain how we know where our body and limbs are in relation to the space around us.	science
960gx6	Researchers have found a way to accelerate antimatter in a 1000x smaller space than current accelerators. What is now only possible by using large physics facilities at tens of million-dollar costs could soon be possible in ordinary physics labs.	science
9vwyfq	Stanford scientists developed an air conditioner that cools itself by shedding infrared radiation out into space - creating a heat sink the team calls "space energy."	science
9gdpyu	The Closest Exoplanet to Earth Could Be "Highly Habitable" - A new study suggests Proxima Centauri could sustain liquid water on its surface	science
9uf5jb	If extraterrestrial intelligence exists somewhere in our galaxy, a new MIT study proposes that laser technology on Earth could, in principle, be fashioned into something of a planetary porch light—a beacon strong enough to attract attention from as far as 20,000 light years away	science
926dfb	Just 13% of the world’s oceans remain untouched by the damaging impacts of humanity, the first systematic analysis has revealed. Outside the remotest areas of the Pacific and the poles, virtually no ocean is left harbouring naturally high levels of marine wildlife.	science
9eyx4p	Astronomers Have Detected 72 New Mystery Radio Bursts From Space. Scientists concluded that the source goes through periods of frenzied activity and quiescence.	science
9mdhv5	Scientists have produced detailed maps of what they call the “human feeling space”, showing how each of dozens of these subjective feelings is associated with a unique set of bodily sensations.	science
9lhodz	Astronomers spot a strange microquasar in the Milky Way made of a black hole or neutron star sucking matter off its companion. The microquasar is not only surrounded by a hot, swirling disk of material, it also shoots out jets of matter at 26% the speed of light, which in turn emit gamma rays.	science
8q8l2t	Astronomers find a galaxy unchanged since the early universe - There is a calculation suggesting that only one in a thousand massive galaxies is a relic of the early universe. Researchers confirm the first detection of a relic galaxy with the Hubble Space Telescope, as reported in journal Nature.	science
9tthpj	Whales from space	science
9l10yg	Astronomers working with Gaia’s second data release have discovered 20 more high-velocity (aka hypervelocity) stars that appear to be coming from another galaxy and racing right through our galaxy.	science
97jvqv	A rechargeable battery technology developed at the University of Michigan could double the output of today's lithium ion cells--drastically extending electric vehicle ranges and time between cell phone charges, without taking up any added space.	science
8piyik	The disc of the Milky Way is bigger than we thought - A team of researchers have published a paper which suggests that if we could travel at the speed of light it would take us 200,000 years to cross the disc of our Galaxy.	science
9sj586	We Might Be Able to Transfer Data Through Gravitational Waves, Says a Wild New Paper	science
9c7x0g	Kids may use media devices to create comfortable spaces in a chaotic world they’re not yet ready to manage, according to new research.	science
90j8es	Clean, green public spaces make us happier, study finds	science
9nbele	Researchers at Stanford University have reworked CRISPR-Cas9 gene-editing technology to manipulate the genome in three-dimensional space, allowing them to ferry genetic snippets to different locations in a cell's nucleus	science
8w9hsn	Open-plan offices drive down face-to-face interactions and increase use of email, suggests a new study.	science
9kleyp	Deep space could seriously damage astronaut GI tracts. A new study into how cosmic radiation affects human physiology found mice exposed to radiation comparable to that astronauts would face in deep space formed cancerous growths and weren’t able to absorb nutrients properly.	science
8mh1ir	For the first time a new study has shown how the size of interpersonal space changes depending on the tone and content of other people’s conversations, suggesting that the average size of someone’s interpersonal space becomes larger after listening to an aggressive conversation taking place nearby.	science
9u1aed	Fork-tailed caterpillars (Lepidoptera: Notodontidae: Shachia circumscripta) were found to bite off their own pair of very long anal prolegs to facilitate pupation in fallen branches of limited space	science
9p9ewf	An international team of researchers has successfully produced a Bose-Einstein condensate (BEC) in space for the first time. In their paper published in the journal Nature, the group describes creating a small experimental device that was carried on a rocket into space	science
9kofds	Animal study suggests deep space travel may significantly damage gastrointestinal function in astronauts	science
9tbtb0	Scientists Discover That Brain Cells Are Tuned to Different Postures: These "posture cells" may be the key to our spatial awareness as our bodies move through 3D space.	science
9izw1x	Shock waves from huge bombs dropped on Germany during World War II were powerful enough to alter the atmosphere at the edge of space. The massive explosions of heavy bombs that included the 10 tonne "Grand Slam" also temporarily disturbed the ionosphere hundreds of kilometres above the earth.	science
9rnd18	A cutting-edge material, inspired by nature, that can regulate its own temperature and could equally be used to treat burns and help space capsules withstand atmospheric forces is under development at the University of Nottingham	science
8ys5o5	Researchers have found that spending time in green spaces helps to keep the brain healthy, slowing down any decline in its cognitive ability. There is evidence that the risk for dementia and cognitive decline can be affected by exposure to environmental hazards such as air pollution and noise	science
9sbbwp	Real-Space Identification of Intermolecular Bonding with Atomic Force Microscopy	science
9om4pb	Interstellar object ‘Oumuamua is an asteroid, not a comet argues astrophysicist	science
9eo09o	A cold environment induces epigenetic changes in sperm cells, resulting in offspring with enhanced brown adipose tissue activity and improved adaptation to overnutrition and hypothermia.	science
9n342s	A new study has identified the gene that makes gentle touch feel painful after injuries. It's called PIEZO2, and it was previously shown to control our sense of our bodies in space, but may also be responsible for tactile allodynia: the skin's reaction to injury that results in touch being painful.	science
96owvt	Poor mental health days may cost the economy billions of dollars. The researchers found that a single extra poor mental health day in a month was associated with a 1.84 percent drop in the per capita real income growth rate, resulting in $53 billion less total income each year	science
9iyspk	While the impact of the massive bombing raids during World War II left deep and obvious scars on the land, a new study suggests that the shockwaves reached the edge of space as well. As a result, those shockwaves actually weakened Earth's upper atmosphere, called the ionosphere.	science
9krloj	Researchers have discovered a surprising tactic of pathogenic bacteria when being attacked by antibiotics: hibernation.	science
95q0pf	A study has found internet trolls generate a noise through internet activism which seems to originate from citizens. They spread various conspiratorial theories and create a quasi-political, yet hollow public space with a multitude of diverse but prefabricated opinions that fill the web.	science
9pse9m	trying understand the size of this-new space discovery	science
8xzmyo	Scientists have converted water into oxygen and hydrogen under microgravity conditions using only a semiconductor and sunlight. The technology could make long-distance space travel possible.	science
9q8kgi	Free space laser telecommunication through fog	science
9k63yy	Outer Space Source for Phosphates - Required Building Blocks For Life	science
9kaok5	Key molecular building blocks may have come from space - Scientists suggest that Phosphorus, critical for DNA and other biological processes, originated in exploding stars.	science
9iflrm	Japan's hopping space rovers land on asteroid	science
8ysqs2	Using the power of two space telescopes, Hubble and Gaia, astronomers have made the most precise measurement to date of the universe’s expansion rate, with the present rate of expansion measured to be 73.5 kilometers (45.6 miles) per second per megaparsec, as reported in the Astrophysical Journal.	science
9aiel0	Living close to urban green spaces is associated with a decreased risk of breast cancer. The study, which analysed data from more than 3,600 women in Spain, concluded that the risk of breast cancer was lower in the women who lived closer to urban green spaces, like parks or gardens.	science
9kjkoa	"Otherkin Science": 5-year ethnography of Facebook groups reveals how otherkin use folk science to validate identities and seek recognition from scientific institutions	science
896gj9	Hubble has spotted the most distant star ever observed. The star, nicknamed "Icarus," existed nearly 10 billion years ago and was detected when its brightness was magnified 2000-fold by a passing galaxy cluster AND a neutron star or small black hole.	science
9943nd	Players of MMO Eve Online help in large-scale classification of fluorescence microscopy images as part of mini-game. Now the same players are helping discover exoplanets in real space	science
9g1h35	Cosmic 'hotspots' may be relics of a universe that existed before ours. Scientists report that they've identified strange hotspots of energy in the sky, located at the edge of the observable universe.	science
9rl3m9	Brain Tissue–Volume Changes in Cosmonauts	science
9o2ke8	Solar Wind Signatures Throughout the High‐Latitude Atmosphere - Francia - 2018 - Journal of Geophysical Research: Space Physics	science
9kr5mh	Animal Study Suggests Deep Space Travel May Significantly Damage GI Function in Astronauts	science
9n9pcd	Researchers using a CSIRO radio telescope in Western Australia have nearly doubled the known number of "fast radio bursts," which are powerful flashes of radio waves from deep space.	science
9e5jk8	Access to nature appears to provide kids with a specific cognitive advantage. Children score higher on a standard test of Spatial Working Memory—the ability to retain visual information long enough to process it and make use of it to solve problems.	science
97q8fk	A number of swirls (swirling patterns of magnetic polarizations called B-modes) recently detected in the faint echo of light at the edge of space could be signs of a previous universe existing before ours, according to a new study.	science
96666v	PhD student develops spinning heat shield for future spacecraft - This design is the first in the world to utilise centrifugal forces that stiffen lightweight materials to prevent burnup.	science
9l417k	Using NASA’s Hubble and Kepler space telescopes, astronomers have uncovered tantalizing evidence of what could be the first discovery of a moon orbiting a planet outside our solar system	science
9pm224	Magnetic forces ripple throughout the universe and can be launched by a phenomenon called the Biermann battery effect. Now scientists found that this phenomenon may not only generate magnetic fields, but can sever them to trigger magnetic reconnection	science
9jrd5y	Little was known about a key element in the building blocks for life , phosphates, until now. Researchers have now provide compelling new evidence that this component for life was generated in outer space and delivered to Earth in its first one billion years by meteorites or comets.	science
9j5ox9	Stem Cells from Space Could Help Mend Broken Hearts	science
9jabuz	Fiberglass-spinning robots could be construction workers of the future - The bots could be used for construction in remote places such as on the seafloor or in space	science
9iuga8	We are bombarded by thousands of diverse species and chemicals. Findings show, in unprecedented detail, the variety of bacteria, viruses, chemicals, plant particulates, fungi, and even tiny microscopic animals that enter our personal space -- a bombardment known as the human "exposome."	science
9gvaxs	World record magnetic field 50 million times stronger than the earth's made	science
96h9v2	Scientists have found two planets outside our solar system that could host extra-terrestrial life	science
9j30b6	Allied bombing raids in WWII sent shockwaves through Earth’s atmosphere which were detected at the edge of space	science
7h8yiv	Astronauts' core body temperature is 1 degree C (almost 2 deg F) higher in space than on Earth. When exercising, some astronauts in space experience body temperatures as high as 40 deg C (104 deg F). Higher body temperatures negatively impact both cognitive and immune functioning.	science
7trwlg	Hi! We work on NASA’s Lunar Reconnaissance Orbiter mission – the only spacecraft orbiting the Moon right now. We’re here to answer your questions on anything Moon-related – from the super lunar eclipse on Wednesday to Apollo to the latest science! Ask us anything!	science
8z5fvg	Star-shaped gold nanoparticles, coated with a semiconductor, can produce hydrogen from water over four times more efficiently than other methods - and could lead to better ways to store solar energy, a new study shows.	science
9kjgnj	Cytoprotective metal-organic frameworks for anaerobic bacteria: Funded by NASA, 'Spacesuits' protect microbes destined to live in space	science
8fl3p7	An eye-tracking study found that text was easier to read when periods were followed by two spaces.	science
94r5mi	A Mysterious, Powerful Force Is Flinging Radio Waves at Us from Deep Space	science
8zcrwi	A rare asteroid pair recently swung by Earth at a distance of just 3.7 million miles. The binary asteroid, 2017 YE5, consists of two equal-size objects, each stretching roughly 3,000 feet in diameter, orbiting each other once every 20 to 24 hours. It's only the fourth such asteroid duo ever found.	science
853zjp	Space Radiation is Increasingly More Hazardous - Radiation dose rates over last four years exceeded trends from previous solar cycles by at least 30%, showing that the radiation environment is getting far more intense, with implications for future missions to the moon, Mars, asteroids and beyond.	science
963eeh	A Siberian Meteorite Revealed a New Mineral We've Never Seen Before on Earth	science
7wdchr	Stanford engineers develop a new method of keeping the lights on if the world turns to 100% clean, renewable energy - several solutions to making clean, renewable energy reliable enough to power at least 139 countries, published this week in journal Renewable Energy.	science
7zg9ss	Researchers create a roadmap for reducing radiation exposure to future astronauts who colonize space. It involves gene therapy, tissue and organ engineering, extended hibernation, and the use of RadAway-style drugs.	science
9fb5w6	Astronomers finally identify the origin of radioactive space material, finding some was produced in a merger between two stars 2,500 years ago. The collision led to an explosion called a Red Nova (visible to the naked eye in 1670), which slowly cooled, forming the radioactive isotope Aluminum-26.	science
97j1z0	Quantum physicists look for fundamental particle of gravity (gravitons) using a microchip.	science
9c10k9	Earthquake Precursors, Processes, and Predictions - A new book presents various studies that may establish a link between earthquakes and different types of precursor signals from the Earth, atmosphere and space	science
7pwibg	Science AMA Series: I'm Janna Levin—astrophysicist, author, and host of NOVA's "Black Hole Apocalypse." Ask me anything about black holes, the universe, life, whatever!	science
8ddtco	MIT engineers have developed a continuous manufacturing process that produces long strips of high-quality graphene. The team’s results are the first demonstration of an industrial, scalable method for manufacturing high-quality graphene.	science
7pj4m8	'Hypatia' Stone Contains Compounds Not Found in the Solar System. The mysterious Egyptian rock contains mico-mineral compounds not found on Earth, in any meteorite or comet, or elsewhere in the solar system.	science
9erlos	3D field phase-space control in tokamak plasmas	science
8cn2g3	We used NASA satellite data to show the Antarctic Ozone Hole is recovering because of the ban on chlorofluorocarbons (CFCs). We are Susan Strahan and Anne Douglass from the NASA Goddard Space Flight Center - ask us anything about the ozone layer, past, present, or future!	science
938vqj	Solar flares disrupted radio communications during September 2017 Atlantic hurricane relief effort. The collision of Earth and space weather in September delivered a reminder that solar events can happen at any time and may coincide with other emergencies, according to the study's authors.	science
8m0vjo	Research highlights the psychological dangers of long-haul space flights particularly to Mars. Communication with family and friends will be extremely minimal. Even talking to Mission Control will be difficult, given that signals to and from the craft will take almost an hour to arrive.	science
91ymhv	A Harvard Astrophysicist Says Outer Space Is Actually Closer Than We Think.	science
8uk7cx	Milky Way is full of 'space grease,' study finds	science
9248jz	The Edge of Space Just Crept 12 Miles Closer to Earth	science
87tl3n	Researchers Discover a Galaxy Without Dark Matter	science
97qe9c	Spacewalking Cosmonauts Toss Tiny Satellites From Space Station	science
8vujhy	The impact of the ‘open’ workspace on human collaboration: Open architecture at two separate corporate headquarters' appeared to trigger a natural human response to socially withdraw from officemates and interact instead over email and IM.	science
8xub3d	Scientists Harvest Hydrogen from Water in Microgravity, which might be useful for creating fuel for deep space travel (with water being mined presumably from asteroids)	science
7fglai	A study has showed positive effects of exposure to residential green spaces and the attention span of children	science
7wlbse	Continuous low doses of far ultraviolet C (far-UVC) light can kill airborne flu viruses without harming human tissues, according to a new study, which suggests that use of overhead far-UVC light in airports and other public spaces could provide a powerful check on influenza epidemics and pandemics.	science
8r3c6n	New research shows that captured carbon dioxide can be stored safely for thousands of years by injecting the liquefied gas deep underground into the microscopic pore spaces of common rocks.	science
6y795f	An enormous black hole one hundred thousand times more massive than the sun has been found hiding in a toxic gas cloud wafting around near the heart of the Milky Way, which will rank as the second largest black hole ever seen in the galaxy, as reported in Nature Astronomy.	science
73ds2q	A computer model suggests that life may have originated inside collapsing bubbles. When bubbles collapse, extreme pressures and temperatures occur at the microscopic level. These conditions could trigger chemical reactions that produce the molecules necessary for life.	science
96x5rd	Quantum correlations: the different structure of correlations in time and space	science
8evamp	Physicists generated quantum entanglement between human-made objects visible to the naked eye for the first time	science
98rucy	The use of an active learning approach in a SCALE-UP learning space improves academic performance in undergraduate General Biology	science
9d0exd	Informal greenspace such as vacant lots can, under some circumstances, provide benefits in high-density cities, a study from Japan suggests	science
8gz26y	'Time crystals' have been created in two new types of materials. In typical crystals, the arrangement of atoms repeat regularly in space. In time crystals, the patterns repeat in regular time intervals.	science
8cmzb9	Science AMA Series: We’re NASA, MIT and Kepler scientists excited about the launch of our newest planet hunter, TESS. AMA!	science
8njeak	New study finds that all the exoplanets around TRAPPIST-1 are likely between 15 and 50 percent water by mass — Earth is only 0.02 percent.	science
8uvktu	The mysterious acceleration of 'Oumuamua — the first-known interstellar visitor — suggests the object is likely an outgassing comet with its own thrust, not an asteroid like astronomers previously thought.	science
84lwec	Hi Reddit! We discovered “Steve,” a mysterious purple light in the sky related to auroras. We’re space and citizen scientists participating in an initiative called Aurorasaurus and working with NASA. Ask us anything!	science
92ts3b	Computational Inverse Method for Constructing Spaces of Quantum Models from Wave Functions	science
7few2o	A study has concluded that there are certain outdoor places — rural and coastal areas — that make people happier than other locations, such as urban gardens or parks.	science
6ew8ws	Eliminating coal in favor of solar power in the United States will prevent an estimated 51,999 premature deaths a year and potentially generate $2.5 million per each life saved	science
8lgpne	Astronomers have just confirmed the discovery of the solar system’s first interstellar immigrant - Object orbiting the sun in the wrong direction took up residence billions of years ago.	science
7n15tz	For the first time, scientists were able to identify unknown microbes in real time entirely aboard the International Space Station, without having to send them back to Earth. This could help diagnose and treat astronauts in real time, as well as with identifying DNA-based life on other planets.	science
9352cf	Pair of Colliding Stars Spill Radioactive Molecules into Space	science
8s368u	New research suggests certain cyanobacteria could thrive on Mars. The microbes could even be used to provide future space colonies with oxygen.	science
935ua6	Astronomers Have Made The First Detection of a Radioactive Molecule in Space	science
8ut0d1	Space is full of dirty, toxic grease, scientists reveal	science
7h91dg	Tailgating won’t get you through that intersection any faster - there’s a time lag before you can safely accelerate your car in a solid jam, offsetting any advantage of closeness, researchers reported last week in the New Journal of Physics.	science
6sl61w	Science AMA Series: We’re NASA scientists. Ask us anything about the science of the Aug. 21 total solar eclipse!	science
5rhzw9	New liquid crystal could make TVs three times sharper. Researchers have developed a new blue-phase liquid crystal that could enable televisions, computer screens, and other displays to pack more pixels into the same space while also reducing the power needed to run the device.	science
818l2d	For the first time, the rotating "donut" of dust and gas around a supermassive black hole has been clearly imaged. This allows astronomers to relate the black hole's rotation loss to the magnetic fields around its jets.	science
950z72	Just published in ACS Nano --> Probing the Internal Atomic Charge Density Distributions in Real Space	science
77dwwk	We are scientists and engineers testing NASA’s James Webb Space Telescope, which is the scientific successor to the Hubble, AMA!	science
8jzf8l	Astronomers discover the oldest oxygen ever found. The oxygen, which is 13.3 billion years old, could have only formed inside of stars, meaning the first stars flicked on just 250 million years after the Big Bang, much earlier than previously thought.	science
8f9jh2	Scientists are able to confine light into an atom wide space, smaller than its wavelength	science
8cz7ag	Astronomers find diamonds inside a meteorite that were likely formed inside a protoplanet between the size of Mercury and Mars when the solar system was just 10 million years old.	science
7fup3y	Science AMA Series: We’re NASA space communications engineers working on technology for the interplanetary internet – Ask Us Anything!	science
7hx869	Traffic fumes in city streets 'largely wipe out exercise benefits for over-60s': Groundbreaking study reinforces urgent need to reduce emissions, and advises over-60s to avoid polluted air by walking in parks and green spaces	science
8whp6u	Building Blocks of Life Found on Mars	science
8gmjal	Yale physicists find signs of a time crystal	science
6ctt4n	Sherpas have a physiology that uses oxygen more efficiently than those used to the atmosphere at sea level. They owe this ability to an advantageous genetic mutation that gives them a unique metabolism. Sherpas actually have thinner blood, with less haemoglobin and a reduced capacity for oxygen	science
85udk1	Study find that the gaps between individual layers of 2D materials can be used as a sieve to separate different atoms. Hydrogen and deuterium could be separated when pushed through miniscule spaces in between atomically thin materials such as hexagonal boron nitride or molybdenum disulphide.	science
8bpn17	A cosmic gorilla effect could blind the detection of aliens. The authors of the study state that our own neurophysiology, psychology and consciousness can play an important role in the search for non-terrestrial civilizations; an aspect that they consider has been neglected until now.	science
8stfdw	Nearly 80 exoplanet candidates identified in record time. Scientists have analyzed data from K2, the follow-up mission to NASA's Kepler Space Telescope, and have discovered a trove of possible exoplanets amid some 50,000 stars.	science
81ho16	A new battery works at –70° Celsius. At that temperature, the lithium-ion batteries in modern electronics shut down entirely.	science
63vba7	Scientists say they have detected an atmosphere around an Earth-like planet for the first time.	science
77wzoj	Plasma technology could hold the key to creating a sustainable oxygen supply on Mars, a new study has found. It suggests that Mars, with its 96% carbon dioxide atmosphere, has nearly ideal conditions for creating oxygen from CO2 through a process known as decomposition.	science
84fh50	If any intelligent aliens out there are attempting to send us a message, they are likely to die out before their signals reach us. Making contact is particularly unlikely when you consider that any civilisation is unlikely to be able to survive for more than 100,000 years, researchers say.	science
86zc6p	In a blind taste test, volunteers rated city tap water that contained recycled wastewater as tasting better than a city tap that used groundwater drawn from an aquifer.	science
8map03	New Drug Prevents Memory Impairment in Mice Exposed to Simulated Deep Space Radiation	science
8gcqnx	Jupiter's moon Ganymede is pounded by plasma rain, scientists discover from 20-year-old data	science
84lz86	In 2010 scientists discovered that platypus milk contained unique antibacterial properties that could be used to fight superbugs. Now researchers have replicated a special protein contained in platypus milk in a laboratory setting, bringing it one step closer to being used to save lives.	science
7eibv2	Life on our planet might have originated from biological particles brought to Earth in streams of space dust. Fast-moving flows of interplanetary dust that continually bombard our planet’s atmosphere could deliver tiny organisms from far-off worlds, or send Earth-based organisms to other planets	science
5shbsn	Astrophysicists propose using starlight alone to send interstellar probes with extremely large solar sails(weighing approximately 100g but spread across 100,000 square meters) on a 150 year journey that would take them to all 3 stars in the Alpha Centauri system and leave them parked in orbits there	science
6etr4q	Science AMA Series: We’re NASA space communications experts, and we’re talking about how NASA connects astronauts to Earth. AMA!	science
50mxp9	The Eastern US could get a third of its power from renewables within 10 years. Theoretically. - It will require space, money, and transmission lines, but no new advances in energy storage or demand management.	science
81zudo	Proxima Centauri’s no good, very bad day: Astronomers have detected a massive stellar flare from Proxima Centauri. This finding raises questions about the habitability of our Solar System's nearest exoplanetary neighbor, Proxima b, which orbits Proxima Centauri.	science
74tmkh	New NASA study shows Moon once had an atmosphere	science
61lh7l	'Supermassive' black hole rocketing through space at five million miles an hour, Nasa reveals	science
6bvr8c	Science AMA Series: I'm Dr. Bonnie Buratti, an astronomer at NASA's Jet Propulsion Lab. I've worked on missions such as Cassini and New Horizons. I hope to answer your questions about the planets. AMA!	science
724sjt	Researchers demonstrate quantum teleportation of patterns of light. Technique paves the way for high-bit-rate secure long distance quantum communication, as published this week in Nature Communications.	science
80bauk	NASA’s Hubble Space Telescope measurements show Universe expanding faster then expected	science
814qvg	Science AMA Series: I’m Steve Gardner, CEO of RowAnalytics. I develop tools to find relationships across massive amounts of data (mostly HealthSci but not exclusively) and use A.I. machine learning to do the heavy lifting for me. AMA!	science
5hhkhd	Two studies into zebra finches show they get a hit of dopamine when they hear a pitch-perfect song – and when learning, they listen to the spaces between notes.	science
53mucs	X-Prize AMA: I am Burt Rutan, designer of the world’s first private spaceship (SpaceShipOne), and the first aircraft to fly around the world without stopping or refueling (Voyager). AMA!	science
48njxg	Repeating radio signals coming from a mystery source far beyond the Milky Way have been discovered by scientists. While one-off fast radio bursts (FRBs) have been detected in the past, this is the first time multiple signals have been detected coming from the same place in space.	science
74fqke	Hi Reddit, I’m Mike Liemohn, a Professor in the Department of Climate and Space Sciences and Engineering at the University of Michigan, here to talk about the many ways space can kill you (or satellites, electricity), AMA!	science
5289p0	Time crystals - objects whose structure would repeat periodically, as with an ordinary crystal, but in time rather than in space - may exist after all.	science
84goxc	Scientists have revealed a technique to 'sew' two patches of crystals seamlessly together at the atomic level to create atomically-thin fabrics.	science
6rkf5x	NASA AMA: We're a group of NASA Scientists and Engineers analyzing the surface of Mars using the Curiosity Rover, AUA!	science
7vmzhz	The Hubble Space Telescope has surveyed the Earth-sized planets within the habitable zone around TRAPPIST-1. At least 3 of the planets do not contain puffy, hydrogen-rich atmospheres similar to Neptune. The results, instead, favor more compact atmospheres like Earth, Venus, and Mars.	science
7az39b	Researchers create gel that grows huge numbers of stem cells with much less space, solving some of the biggest problems with producing new stem cells. The gel allows the cells to be grown in three dimensions instead of two and takes up less than 1% of the lab space required by current techniques.	science
8ap9ol	Colonies of breeding king penguins resemble the movements of molecules in a 2D liquid, as they attract and repel one another in a constrained planar space. This "liquid" organization and structure enables breeding colonies to protect themselves against predators while also keeping members together.	science
8hqj9z	Helium detected in exoplanet's atmosphere for the very first time. WASP-107b is the one of the hottest, lowest-density planets ever discovered, and it may even have a comet-like tail caused by strong stellar winds eroding its tenuous atmosphere, which stretches into space for thousands of miles.	science
4kvf0i	NASA AMA: We are expanding the first human-rated expandable structure in space….AUA!	science
5d8wdw	Science AMA Series: I'm Ira Flatow, the host of public radio's Science Friday. I anchor the show, bringing listeners world wide a lively, informative discussion on science, technology, health, space and the environment. AMA!	science
810io4	New state of matter created by putting atoms inside other atoms	science
4fseej	An injection of a protein called IL-33 reverses Alzheimer's-like symptoms and cognitive decline in mice, restoring their memory and cognitive function to the same levels as healthy mice in the space of one week.	science
71ikcs	NASA Mission AMA: We are scientists and engineers preparing for the OSIRIS-REx spacecraft’s Earth flyby tomorrow. Ask us anything!	science
6x720y	Scientists have succeeded in combining spider silk with graphene and carbon nanotubes, a composite material five times stronger that can hold a human, which is produced by the spider itself after it drinks water containing the nanotubes.	science
86lcd2	Earwig wings inspire scientists working on foldable device designs - Scientists say the lessons learned from the folding and unfolding of the insects wings could improve the design of satellites, space probes, electronics, and more.	science
8oqjaq	Study comparing the behavior of atomic clocks yields expected results after 14 years	science
7uzv70	Astrophysicists discover planets beyond the Milky Way galaxy. Using microlensing - the only known method capable of discovering planets at great distances from the Earth - researchers were able to detect objects in extragalactic galaxies that range from the mass of the Moon to the mass of Jupiter.	science
5zx7sd	Science AMA series: We’re scientists at NASA studying the sun, planets and solar system; ask us anything about the spring equinox (happening today), the sun and the total solar eclipse in August 2017!	science
7t66s2	Engineers develop tiny, soft-bodied robot capable of navigating tight, enclosed spaces. It is modeled after the larvae of beetles and caterpillars. The robot hasn’t been tested in humans yet, but the goal is to improve it for medical use — for instance, delivering drugs to a target within the body.	science
6ldfip	Artists and architects conceive of spaces in different ways from other people and from each other, new study finds	science
6jkjw2	American Geophysical Union AMA: Hi Reddit, I am Andrew Yau, Editor of Geophysical Research Letters, here to talk about Jupiter and the exciting findings from NASA's Juno mission. Ask Me Anything!	science
8a0uc8	Researchers share new findings about how the presence of "giant" planets (between 10 and 1000 times as large as the Earth) affects potentially habitable neighbors that would be discovered with the next generation of ground-based and space-borne telescopes.	science
5ceboe	Science AMA Series: I'm Ron Garan, Chief Pilot for World View Enterprises and former NASA pilot. I'm here to answer questions about how seeing Earth from space changes your perspective forever. AMA!	science
7owdp3	Insects, worms, vertebrates, and brachiopods all have central nervous systems, but they are organized in different ways. New research suggests that there is no common ancestor they share that had a central nervous system; it evolved separately in each group.	science
7tzme1	Scientists are figuring out how to turn Astronaut poop into an edible, vegemite-like paste.	science
6fktes	Research discovers that Cook pine trees always lean towards the equator. They lean south in the Northern Hemisphere, and north in the Southern Hemisphere. The further from the equator, the sharper the angle they lean at.	science
54vrmx	NASA AMA: We just sequenced DNA in space for the first time. Ask us anything!	science
86dzlb	The more educated a member of the baby boomer generation, the more likely they are to misuse prescription opioids, according to new research	science
3tzvku	PNAS: The tardigrade (water bear), the only animal that can survive in the vacuum of space, has the most foreign DNA of any animal.	science
6r5rta	Hubble Space Telescope has detected the first stratosphere on an exoplanet	science
7w2spm	Researchers have recreated Titan's ocean in a laboratory. They used a special chamber that could withstand 60 pounds per square inch of pressure and nearly -300 degrees Fahrenheit.	science
4nv9dw	Science AMA Series: I'm Matt O'Dowd, writer & host of PBS Space time and astrophysics professor at City University of New York where I research black holes, quasars, gravitational lensing, and galaxies. AMA!	science
54pzmg	Prize AMA: I am Anousheh Ansari, the first woman and first Iranian to fly to space as a private citizen, not on behalf of a government. AMA!	science
6u8qs1	A group of U of T researchers have demonstrated that the space under our skin might be an optimal location to treat type 1 diabetes (T1D). The new study involved transplanting healthy pancreatic cells under the skin to produce insulin for blood glucose regulation.	science
6gyvsj	New researcher shows that Jupiter is oldest planet in solar system. It formed in a geologic blink. Its rocky core coalesced less than a million years after the beginning of our system. To probe the planet's creation, experts sampled extraterrestrial ancient meteorites that happens to land on Earth	science
75creo	Harvard researchers observe light with infinitely long wavelengths for the first time	science
72cjlj	Scientists computationally designed a new, metastable, ultralight form of crystal aluminum, with a density of only 0.61 gram per cubic centimeter, light enough to float on water. The new material could have important applications in space flight.	science
879kzp	Metalens has designed an optical lens with the highest free-space numerical aperture to date, achieving a value of just under 1.	science
7ksbw8	Interstellar object ‘Oumuamua covered in 'thick crust of carbon-rich gunk': Cigar-shaped body has a deep surface layer made of organic ices baked in interstellar radiation – and potentially has ice in its heart, say astronomers in a new article in Nature Astronomy today.	science
8a0tpo	Astronomers zoom in on a supermassive black hole's jet and find it's significantly wider than models predict. This implies that jets come from swirling matter around black holes (accretion disks), not from space itself being dragged in circles closer in (ergospheres).	science
6hm34x	AGU AMA:Hi Reddit! I’m David Baratoux, Editor of Journal of Geophysical Research, Planets, and I'm Hasnaa Chennaoui-Aoudjehane,Professor at U of Casablanca, Morocco, we are here to talk about meteorites from Morocco and hot deserts and the promotion of planetary sciences in Africa. Ask Us Anything!	science
64j8lo	A new scientific paper published, is shedding light on a strange force impacting particles at the smallest level of the material world. The findings relate to an area of theoretical nanophotonics and quantum theory known as the Casimir Effect	science
5cpza0	BBC-Future AMA: I'm Rachel Armstrong, Professor of Experimental Architecture at Newcastle University, UK. I examine the cultural conditions needed to construct a living habitat within a spaceship. AMA!	science
5flsp1	Geologist uncovers 2.5 billion-year-old fossils of bacteria that predate the formation of oxygen	science
641qdh	Violent end as young stars dramatically collide	science
2eta6t	I’m Seth Shostak, and I direct the search for extraterrestrials at the SETI Institute in California. We’re trying to find evidence of intelligent life in space: aliens at least as clever as we are. AMA!	science
7bmrmj	A study has found a 30-minute lesson in the malleability of personality has long-term benefits for anxious, depressed teenagers	science
74oz13	New NASA study showed intense volcanic eruptions on the moon spewed gases above the surface faster than they could escape to space, creating a temporary atmosphere for about 70 million years	science
5t236k	A new material can cool buildings without drawing power or using refrigerant. It costs 50¢/square meter and 20 square meters is enough to keep a house at 20°C when it's 37°C outside	science
5wip32	Physicists suggest using black holes and gravitational waves to find dark matter	science
4l6lao	Mars has just exited an extreme ice age, according to new research. At its peak, 370,000 years ago, “Mars would have actually looked more white than red,” says the lead astrophysicist, Isaac Smith.	science
7nv8iz	Detecting Gravitational-Wave Memory: A permanent displacement of spacetime that comes from strong-field, general relativistic effects.	science
6g7gdd	Einstein’s theory and ‘bent light’ reveal a way to weigh stars for first time. The scientists pointed the Hubble Space Telescope at a nearby binary star phenomenon called gravitational microlensing. That’s when gravity from a closer star slightly bends the light coming from a more distant star.	science
7sgo69	Scientists are trying to figure out which bacteria have colonized our space station.	science
80t0ly	A dramatic magnetic power struggle at the Sun’s surface lies at the heart of solar eruptions, new research shows. The work highlights the role of the Sun’s magnetic landscape, or topology, in the development of solar eruptions that can trigger space weather events around Earth.	science
56xh3j	Mars-bound astronauts face chronic dementia risk. Exposure to highly energetic charged particles – much like those found in the galactic cosmic rays that will bombard astronauts during extended spaceflights – causes significant long-term brain damage in test rodents.	science
5lsnld	Researchers design low-cost sonic tractor beam that can trap and pull an object using sound waves. It can be built using a 3-D printer for under $70.	science
73a9ew	Zapping simulated space ice with imitation starlight made ice bubble and flow. If this happens in space, the liquid-like behavior could help organic molecules form and hint at the possible origins of life, researchers report.	science
5jqb91	Researchers set new record for heat-resistant materials. Hafnium carbide can withstand temperatures of nearly 4000°C and could pave the way for both materials to be used in ever more extreme environments, such as in heat resistant shielding for the next generation of hypersonic space vehicles.	science
7hjpcs	Pigeons can discriminate both space and time	science
7a4gjj	Humans might have more in common with our yet inconspicuous galactic neighbors than we thought. According to scientists at the University of Oxford, natural selection and evolutionary theory seem to favor organisms that behave similarly to those found on Earth.	science
3gl1jj	The Universe is slowly dying: astronomers studying more than 200,000 galaxies find that energy production across all wavelengths is fading and is half of what it was two billion years ago	science
4ixy2t	Shooting stars show Earth had oxygen eons before we thought, the scorched remains of 60 micrometeorites have survived 2.7 billion years in the limestone Tumbiana Formation of Western Australia. They are the oldest space rocks ever discovered on Earth.	science
7j3h04	Scientists finally know why meteors explode just before hitting Earth	science
71fro9	Intraocular Infection with a Trematode — case study of a 17 year old boy whose eye is infected with a parasitic worm. Video evidence displays parasite vigorously swimming in ocular space.	science
6hse7k	Scientists have found that that our brain creates neural structures with up to 11 abstract mathematical spaces when it processes information.	science
6di509	UW study: Wolves need more space to roam — less fragmented ranges — in order to control expanding coyote populations	science
41zr2t	Science AMA Series: We are Gavin Schmidt and Reto Ruedy, of NASA’s Goddard Institute for Space Studies, and on Wed., Jan. 20 we released our analysis that found 2015 was the warmest year — by a lot — in the modern record. Ask Us Anything!	science
78gn5c	"All of our observations find a complete symmetry between matter and antimatter, which is why the universe should not actually exist,” says Christian Smorra, a physicist at CERN’s Baryon–Antibaryon Symmetry Experiment (BASE) collaboration.	science
7iwi2b	Problematic alcohol use linked to reduced hippocampal volume	science
79q3wn	Photons were caught behaving like superconducting electrons, swapping energy with partners. The effect was observed at room temperature, unlike electron pairing in extremely cold superconductors.	science
6kesr4	Transfer of atomic mass with a photon solves the momentum paradox of light	science
7bnary	A shocking supernova refuses to die. iPTF14hls, the "star that keeps on dying," has been erupting continuously for the last three years, astronomers report in Nature.	science
7z2avf	Trump Administration’s Deregulation Push Heads for Outer Space	science
6yahx4	Efficient Air-Conditioning Beams Heat Into Space	science
4u28ga	Science AMA Series: I’m Dr. Patrick McCarthy, interim president for the Giant Magellan Telescope. I’m leading the team building the world’s largest telescope. AMA!	science
7480pn	Analysis of Martian meteorites has uncovered 90 million years' worth of new information. Nakhites, pieces of Martian terrain which were blasted from the face of the red planet by an impact event 11 million years ago, then drifted through space before landing on Earth.	science
5r2o94	Scientists have spotted an immense region of space 490 million light years away apparently devoid of galaxies. This cosmic void is effectively repelling our Local Group of galaxies.	science
5gf8bu	Skin remains a barrier despite skin cells continually shedding because the shape of a skin cell is a tetrakaidecahedron, a shape proposed in 1887 by Lord Kelvin, which means that it can always form a very tight, cohesive bond with the cells surrounding it, based on mice and mathematical models.	science
78vi3k	"All of our observations find a complete symmetry between matter and antimatter, which is why the universe should not actually exist"	science
5elqjs	Silica deposits on Mars have features resembling hot spring biosignatures found on Earth	science
3xeqop	At least once a week, two thirds of all children of primary-school age will play an internet game that was created to draw attention to a brand. Most of these advertisements are for snacks and candy. Only 6% of these children are aware that they are ads, and the games do affect their behavior.	science
6zsk72	The majority of Americans support implementing a carbon tax as a way to curb fossil fuel emissions, according to a new Yale study published today. 80% of respondents said they would favor using the revenue from this tax to develop clean energy and improve US infrastructure.	science
3ebavu	Science AMA Series: We’re the Planet Hunters team using crowd-sourcing to search for exoplanets in the Kepler space telescope data. Ask us anything (and join the search)!	science
